time,open,high,low,close,tick_volume,spread,real_volume,pip_value,point
2022-11-15 22:00:00+00:00,1.03646,1.03775,1.03527,1.03537,9784.0,0,0.0,0.0001,1e-05
2022-11-15 23:00:00+00:00,1.03534,1.0358,1.03428,1.03471,3483.0,0,0.0,0.0001,1e-05
2022-11-16 00:00:00+00:00,1.03478,1.03519,1.03412,1.03449,1214.0,0,0.0,0.0001,1e-05
2022-11-16 01:00:00+00:00,1.03448,1.03612,1.03396,1.03573,3729.0,0,0.0,0.0001,1e-05
2022-11-16 02:00:00+00:00,1.03577,1.03614,1.03358,1.03445,6444.0,0,0.0,0.0001,1e-05
2022-11-16 03:00:00+00:00,1.03445,1.03501,1.03309,1.03436,8515.0,0,0.0,0.0001,1e-05
2022-11-16 04:00:00+00:00,1.03438,1.03871,1.03413,1.0377,7634.0,0,0.0,0.0001,1e-05
2022-11-16 05:00:00+00:00,1.03771,1.0378,1.03526,1.03534,5107.0,0,0.0,0.0001,1e-05
2022-11-16 06:00:00+00:00,1.03535,1.03562,1.03376,1.03452,5181.0,0,0.0,0.0001,1e-05
2022-11-16 07:00:00+00:00,1.03452,1.03786,1.0340799999999999,1.03736,6439.0,0,0.0,0.0001,1e-05
2022-11-16 08:00:00+00:00,1.03733,1.0387,1.03659,1.03786,5544.0,0,0.0,0.0001,1e-05
2022-11-16 09:00:00+00:00,1.03794,1.04145,1.0375,1.04029,8531.0,0,0.0,0.0001,1e-05
2022-11-16 10:00:00+00:00,1.04025,1.04206,1.03877,1.0406,8629.0,0,0.0,0.0001,1e-05
2022-11-16 11:00:00+00:00,1.04063,1.04254,1.04043,1.042,6240.0,0,0.0,0.0001,1e-05
2022-11-16 12:00:00+00:00,1.042,1.04386,1.04154,1.04281,6173.0,0,0.0,0.0001,1e-05
2022-11-16 13:00:00+00:00,1.04281,1.04318,1.04114,1.04165,6082.0,0,0.0,0.0001,1e-05
2022-11-16 14:00:00+00:00,1.04167,1.04282,1.04091,1.04196,6113.0,0,0.0,0.0001,1e-05
2022-11-16 15:00:00+00:00,1.04195,1.04229,1.03843,1.03909,10069.0,0,0.0,0.0001,1e-05
2022-11-16 16:00:00+00:00,1.03912,1.04104,1.03726,1.03882,11830.0,0,0.0,0.0001,1e-05
2022-11-16 17:00:00+00:00,1.03882,1.04054,1.03729,1.04039,9969.0,0,0.0,0.0001,1e-05
2022-11-16 18:00:00+00:00,1.04038,1.04127,1.0391,1.03945,6385.0,0,0.0,0.0001,1e-05
2022-11-16 19:00:00+00:00,1.03948,1.03989,1.03715,1.03838,4837.0,0,0.0,0.0001,1e-05
2022-11-16 20:00:00+00:00,1.03838,1.03862,1.03546,1.03667,4850.0,0,0.0,0.0001,1e-05
2022-11-16 21:00:00+00:00,1.03667,1.03926,1.03666,1.03925,4439.0,0,0.0,0.0001,1e-05
2022-11-16 22:00:00+00:00,1.03922,1.04048,1.0383,1.03979,5120.0,0,0.0,0.0001,1e-05
2022-11-16 23:00:00+00:00,1.03978,1.03992,1.03892,1.03942,2369.0,0,0.0,0.0001,1e-05
2022-11-17 00:00:00+00:00,1.03933,1.03966,1.0387,1.03935,1906.0,10,0.0,0.0001,1e-05
2022-11-17 01:00:00+00:00,1.03938,1.03983,1.03914,1.03934,1877.0,0,0.0,0.0001,1e-05
2022-11-17 02:00:00+00:00,1.03936,1.03951,1.03854,1.03864,3229.0,0,0.0,0.0001,1e-05
2022-11-17 03:00:00+00:00,1.03865,1.03912,1.03741,1.03775,4082.0,0,0.0,0.0001,1e-05
2022-11-17 04:00:00+00:00,1.03774,1.03799,1.03622,1.03701,4198.0,0,0.0,0.0001,1e-05
2022-11-17 05:00:00+00:00,1.03701,1.0374,1.03598,1.03719,3886.0,0,0.0,0.0001,1e-05
2022-11-17 06:00:00+00:00,1.0372,1.03813,1.03698,1.0371,3076.0,0,0.0,0.0001,1e-05
2022-11-17 07:00:00+00:00,1.03711,1.03833,1.03685,1.03802,4017.0,0,0.0,0.0001,1e-05
2022-11-17 08:00:00+00:00,1.03802,1.03928,1.03771,1.03877,3988.0,0,0.0,0.0001,1e-05
2022-11-17 09:00:00+00:00,1.03877,1.03951,1.037,1.03928,6148.0,0,0.0,0.0001,1e-05
2022-11-17 10:00:00+00:00,1.03927,1.04067,1.0385,1.03862,7827.0,0,0.0,0.0001,1e-05
2022-11-17 11:00:00+00:00,1.03861,1.03873,1.03569,1.03638,6498.0,0,0.0,0.0001,1e-05
2022-11-17 12:00:00+00:00,1.03638,1.03701,1.03358,1.03383,6269.0,0,0.0,0.0001,1e-05
2022-11-17 13:00:00+00:00,1.03381,1.03513,1.03274,1.03465,7162.0,0,0.0,0.0001,1e-05
2022-11-17 14:00:00+00:00,1.03466,1.03552,1.03213,1.03326,8702.0,0,0.0,0.0001,1e-05
2022-11-17 15:00:00+00:00,1.03325,1.03535,1.03108,1.03124,11391.0,0,0.0,0.0001,1e-05
2022-11-17 16:00:00+00:00,1.03124,1.03484,1.03053,1.03353,9172.0,0,0.0,0.0001,1e-05
2022-11-17 17:00:00+00:00,1.03351,1.03498,1.03208,1.03289,9352.0,0,0.0,0.0001,1e-05
2022-11-17 18:00:00+00:00,1.0329,1.03428,1.03191,1.03392,6531.0,0,0.0,0.0001,1e-05
2022-11-17 19:00:00+00:00,1.03393,1.0357,1.03371,1.03502,6536.0,0,0.0,0.0001,1e-05
2022-11-17 20:00:00+00:00,1.03502,1.03697,1.03484,1.03658,3780.0,0,0.0,0.0001,1e-05
2022-11-17 21:00:00+00:00,1.03658,1.03689,1.03592,1.03638,3055.0,0,0.0,0.0001,1e-05
2022-11-17 22:00:00+00:00,1.03637,1.03692,1.03577,1.03686,3609.0,0,0.0,0.0001,1e-05
2022-11-17 23:00:00+00:00,1.03686,1.03696,1.03642,1.03646,1221.0,0,0.0,0.0001,1e-05
2022-11-18 00:00:00+00:00,1.03592,1.03645,1.0359,1.03636,2993.0,7,0.0,0.0001,1e-05
2022-11-18 01:00:00+00:00,1.03632,1.03666,1.03603,1.0361,2333.0,0,0.0,0.0001,1e-05
2022-11-18 02:00:00+00:00,1.0360800000000001,1.03742,1.03572,1.03714,2842.0,0,0.0,0.0001,1e-05
2022-11-18 03:00:00+00:00,1.03713,1.0378,1.03618,1.03678,5176.0,0,0.0,0.0001,1e-05
2022-11-18 04:00:00+00:00,1.03678,1.03782,1.03647,1.03678,4367.0,0,0.0,0.0001,1e-05
2022-11-18 05:00:00+00:00,1.03677,1.0391,1.03673,1.03827,3373.0,0,0.0,0.0001,1e-05
2022-11-18 06:00:00+00:00,1.03827,1.03832,1.03612,1.03649,3150.0,0,0.0,0.0001,1e-05
2022-11-18 07:00:00+00:00,1.0365,1.03721,1.0362,1.03718,3358.0,0,0.0,0.0001,1e-05
2022-11-18 08:00:00+00:00,1.03721,1.03769,1.03597,1.03757,4008.0,0,0.0,0.0001,1e-05
2022-11-18 09:00:00+00:00,1.03754,1.0386,1.03671,1.03755,6048.0,0,0.0,0.0001,1e-05
2022-11-18 10:00:00+00:00,1.03754,1.03782,1.03423,1.03569,8557.0,0,0.0,0.0001,1e-05
2022-11-18 11:00:00+00:00,1.03567,1.03962,1.0348600000000001,1.03816,6619.0,0,0.0,0.0001,1e-05
2022-11-18 12:00:00+00:00,1.03816,1.03817,1.03605,1.0369,4518.0,0,0.0,0.0001,1e-05
2022-11-18 13:00:00+00:00,1.0369,1.03801,1.03636,1.03663,5060.0,0,0.0,0.0001,1e-05
2022-11-18 14:00:00+00:00,1.03662,1.03865,1.03579,1.03614,4510.0,0,0.0,0.0001,1e-05
2022-11-18 15:00:00+00:00,1.03611,1.03867,1.03566,1.03646,6302.0,0,0.0,0.0001,1e-05
2022-11-18 16:00:00+00:00,1.03648,1.037,1.03303,1.03344,7646.0,0,0.0,0.0001,1e-05
2022-11-18 17:00:00+00:00,1.03344,1.03677,1.03262,1.03647,7341.0,0,0.0,0.0001,1e-05
2022-11-18 18:00:00+00:00,1.03646,1.03718,1.03421,1.03482,4799.0,0,0.0,0.0001,1e-05
2022-11-18 19:00:00+00:00,1.03481,1.03495,1.03302,1.03334,4233.0,0,0.0,0.0001,1e-05
2022-11-18 20:00:00+00:00,1.03334,1.03373,1.03257,1.0331,3210.0,0,0.0,0.0001,1e-05
2022-11-18 21:00:00+00:00,1.0331,1.03337,1.032,1.03283,2399.0,0,0.0,0.0001,1e-05
2022-11-18 22:00:00+00:00,1.03277,1.03331,1.03216,1.03249,3264.0,0,0.0,0.0001,1e-05
2022-11-18 23:00:00+00:00,1.03251,1.03256,1.03135,1.03194,1747.0,0,0.0,0.0001,1e-05
2022-11-21 00:00:00+00:00,1.03219,1.03248,1.03205,1.03229,143.0,19,0.0,0.0001,1e-05
2022-11-21 01:00:00+00:00,1.03242,1.03333,1.03233,1.03306,2909.0,0,0.0,0.0001,1e-05
2022-11-21 02:00:00+00:00,1.03309,1.03329,1.03111,1.0316,3754.0,0,0.0,0.0001,1e-05
2022-11-21 03:00:00+00:00,1.03161,1.03186,1.03002,1.03118,5261.0,0,0.0,0.0001,1e-05
2022-11-21 04:00:00+00:00,1.03119,1.03119,1.02882,1.02883,4434.0,0,0.0,0.0001,1e-05
2022-11-21 05:00:00+00:00,1.02886,1.03024,1.0288,1.03015,2540.0,0,0.0,0.0001,1e-05
2022-11-21 06:00:00+00:00,1.03014,1.03037,1.02766,1.02812,3496.0,0,0.0,0.0001,1e-05
2022-11-21 07:00:00+00:00,1.0281,1.02835,1.02723,1.02823,4165.0,0,0.0,0.0001,1e-05
2022-11-21 08:00:00+00:00,1.02824,1.0287,1.02573,1.02591,4488.0,0,0.0,0.0001,1e-05
2022-11-21 09:00:00+00:00,1.02595,1.02734,1.02502,1.02552,5304.0,0,0.0,0.0001,1e-05
2022-11-21 10:00:00+00:00,1.02553,1.02733,1.02511,1.02549,6389.0,0,0.0,0.0001,1e-05
2022-11-21 11:00:00+00:00,1.02548,1.02591,1.02262,1.02269,6158.0,0,0.0,0.0001,1e-05
2022-11-21 12:00:00+00:00,1.02272,1.02433,1.02262,1.02401,4987.0,0,0.0,0.0001,1e-05
2022-11-21 13:00:00+00:00,1.024,1.02464,1.02321,1.02346,4125.0,0,0.0,0.0001,1e-05
2022-11-21 14:00:00+00:00,1.02346,1.02448,1.02282,1.02397,5334.0,0,0.0,0.0001,1e-05
2022-11-21 15:00:00+00:00,1.02399,1.02561,1.02325,1.02544,6069.0,0,0.0,0.0001,1e-05
2022-11-21 16:00:00+00:00,1.02545,1.02568,1.02388,1.0256,7603.0,0,0.0,0.0001,1e-05
2022-11-21 17:00:00+00:00,1.02561,1.02628,1.02393,1.02397,6157.0,0,0.0,0.0001,1e-05
2022-11-21 18:00:00+00:00,1.02399,1.02507,1.02319,1.02376,4258.0,0,0.0,0.0001,1e-05
2022-11-21 19:00:00+00:00,1.02376,1.0238,1.02227,1.02326,3748.0,0,0.0,0.0001,1e-05
2022-11-21 20:00:00+00:00,1.02322,1.02439,1.02304,1.0235,3138.0,0,0.0,0.0001,1e-05
2022-11-21 21:00:00+00:00,1.0235,1.02485,1.0235,1.02395,3442.0,0,0.0,0.0001,1e-05
2022-11-21 22:00:00+00:00,1.02397,1.02467,1.02323,1.02421,3554.0,0,0.0,0.0001,1e-05
2022-11-21 23:00:00+00:00,1.02425,1.02427,1.02371,1.02408,1362.0,0,0.0,0.0001,1e-05
2022-11-22 00:00:00+00:00,1.0241,1.02428,1.02389,1.02413,1695.0,1,0.0,0.0001,1e-05
2022-11-22 01:00:00+00:00,1.02415,1.02466,1.02402,1.02452,1543.0,0,0.0,0.0001,1e-05
2022-11-22 02:00:00+00:00,1.02452,1.0255,1.02421,1.02535,3095.0,0,0.0,0.0001,1e-05
2022-11-22 03:00:00+00:00,1.02532,1.02685,1.02514,1.02606,4118.0,0,0.0,0.0001,1e-05
2022-11-22 04:00:00+00:00,1.02605,1.02661,1.02582,1.02648,3982.0,0,0.0,0.0001,1e-05
2022-11-22 05:00:00+00:00,1.02648,1.02677,1.02603,1.02613,2648.0,0,0.0,0.0001,1e-05
2022-11-22 06:00:00+00:00,1.02613,1.02629,1.02577,1.02605,2362.0,0,0.0,0.0001,1e-05
2022-11-22 07:00:00+00:00,1.02606,1.02618,1.02457,1.02535,3183.0,0,0.0,0.0001,1e-05
2022-11-22 08:00:00+00:00,1.02535,1.02594,1.02465,1.02473,3320.0,0,0.0,0.0001,1e-05
2022-11-22 09:00:00+00:00,1.02474,1.02679,1.02461,1.02658,4203.0,0,0.0,0.0001,1e-05
2022-11-22 10:00:00+00:00,1.02658,1.02817,1.02535,1.02717,7444.0,0,0.0,0.0001,1e-05
2022-11-22 11:00:00+00:00,1.02715,1.02862,1.0262,1.02689,6564.0,0,0.0,0.0001,1e-05
2022-11-22 12:00:00+00:00,1.02687,1.029,1.0267,1.02803,4006.0,0,0.0,0.0001,1e-05
2022-11-22 13:00:00+00:00,1.02803,1.0291,1.02617,1.027,4715.0,0,0.0,0.0001,1e-05
2022-11-22 14:00:00+00:00,1.0270299999999999,1.02716,1.0256,1.02715,4227.0,0,0.0,0.0001,1e-05
2022-11-22 15:00:00+00:00,1.02715,1.02769,1.02595,1.02605,5522.0,0,0.0,0.0001,1e-05
2022-11-22 16:00:00+00:00,1.0261,1.02695,1.02541,1.02653,6349.0,0,0.0,0.0001,1e-05
2022-11-22 17:00:00+00:00,1.02651,1.02886,1.02635,1.02834,6912.0,0,0.0,0.0001,1e-05
2022-11-22 18:00:00+00:00,1.02834,1.02848,1.02669,1.0275,4580.0,0,0.0,0.0001,1e-05
2022-11-22 19:00:00+00:00,1.0275,1.0296,1.02713,1.02959,2583.0,0,0.0,0.0001,1e-05
2022-11-22 20:00:00+00:00,1.02955,1.03082,1.02896,1.03054,2782.0,0,0.0,0.0001,1e-05
2022-11-22 21:00:00+00:00,1.03053,1.03057,1.02905,1.02956,2206.0,0,0.0,0.0001,1e-05
2022-11-22 22:00:00+00:00,1.02953,1.03045,1.02938,1.03004,2555.0,0,0.0,0.0001,1e-05
2022-11-22 23:00:00+00:00,1.03,1.03061,1.02989,1.03023,1895.0,0,0.0,0.0001,1e-05
2022-11-23 00:00:00+00:00,1.03017,1.03046,1.03007,1.03039,157.0,6,0.0,0.0001,1e-05
2022-11-23 01:00:00+00:00,1.03042,1.03107,1.03023,1.03106,1476.0,0,0.0,0.0001,1e-05
2022-11-23 02:00:00+00:00,1.03108,1.03214,1.03039,1.03052,2096.0,0,0.0,0.0001,1e-05
2022-11-23 03:00:00+00:00,1.03053,1.03136,1.03005,1.03109,4266.0,0,0.0,0.0001,1e-05
2022-11-23 04:00:00+00:00,1.03107,1.03249,1.03081,1.0324,2788.0,0,0.0,0.0001,1e-05
2022-11-23 05:00:00+00:00,1.0324,1.0324,1.0312,1.03155,2384.0,0,0.0,0.0001,1e-05
2022-11-23 06:00:00+00:00,1.03155,1.03171,1.03105,1.03171,1790.0,0,0.0,0.0001,1e-05
2022-11-23 07:00:00+00:00,1.0317,1.03311,1.03142,1.03272,2548.0,0,0.0,0.0001,1e-05
2022-11-23 08:00:00+00:00,1.03273,1.03361,1.0322,1.03314,2780.0,0,0.0,0.0001,1e-05
2022-11-23 09:00:00+00:00,1.03312,1.03488,1.0328,1.03433,4474.0,0,0.0,0.0001,1e-05
2022-11-23 10:00:00+00:00,1.03433,1.03433,1.03109,1.03135,5557.0,0,0.0,0.0001,1e-05
2022-11-23 11:00:00+00:00,1.03138,1.03268,1.03021,1.03253,4510.0,0,0.0,0.0001,1e-05
2022-11-23 12:00:00+00:00,1.03253,1.03253,1.02967,1.03119,3564.0,0,0.0,0.0001,1e-05
2022-11-23 13:00:00+00:00,1.03119,1.03251,1.03078,1.03199,2804.0,0,0.0,0.0001,1e-05
2022-11-23 14:00:00+00:00,1.03199,1.03297,1.03149,1.03233,3601.0,0,0.0,0.0001,1e-05
2022-11-23 15:00:00+00:00,1.03233,1.03406,1.03174,1.03319,7675.0,0,0.0,0.0001,1e-05
2022-11-23 16:00:00+00:00,1.03319,1.03754,1.03269,1.03683,8715.0,0,0.0,0.0001,1e-05
2022-11-23 17:00:00+00:00,1.03698,1.0384,1.03441,1.03764,9627.0,0,0.0,0.0001,1e-05
2022-11-23 18:00:00+00:00,1.03765,1.03788,1.03555,1.03636,4641.0,0,0.0,0.0001,1e-05
2022-11-23 19:00:00+00:00,1.03634,1.03736,1.03569,1.0364,3746.0,0,0.0,0.0001,1e-05
2022-11-23 20:00:00+00:00,1.03638,1.03794,1.03594,1.03742,3599.0,0,0.0,0.0001,1e-05
2022-11-23 21:00:00+00:00,1.03742,1.0405,1.0366900000000001,1.04007,10347.0,0,0.0,0.0001,1e-05
2022-11-23 22:00:00+00:00,1.04007,1.04031,1.03911,1.04026,5054.0,0,0.0,0.0001,1e-05
2022-11-23 23:00:00+00:00,1.04028,1.04033,1.03933,1.03944,2248.0,0,0.0,0.0001,1e-05
2022-11-24 00:00:00+00:00,1.03967,1.04005,1.03924,1.03949,766.0,6,0.0,0.0001,1e-05
2022-11-24 01:00:00+00:00,1.03973,1.0419100000000001,1.03973,1.04177,2793.0,0,0.0,0.0001,1e-05
2022-11-24 02:00:00+00:00,1.04177,1.04192,1.04049,1.04151,3334.0,0,0.0,0.0001,1e-05
2022-11-24 03:00:00+00:00,1.04152,1.0425,1.0411299999999999,1.04234,4084.0,0,0.0,0.0001,1e-05
2022-11-24 04:00:00+00:00,1.04234,1.04356,1.04176,1.0432,2726.0,0,0.0,0.0001,1e-05
2022-11-24 05:00:00+00:00,1.0432,1.04479,1.04306,1.04458,3016.0,0,0.0,0.0001,1e-05
2022-11-24 06:00:00+00:00,1.04458,1.04485,1.04318,1.04464,2744.0,0,0.0,0.0001,1e-05
2022-11-24 07:00:00+00:00,1.04464,1.04466,1.04335,1.0434,3036.0,0,0.0,0.0001,1e-05
2022-11-24 08:00:00+00:00,1.0434,1.04388,1.04297,1.04304,3593.0,0,0.0,0.0001,1e-05
2022-11-24 09:00:00+00:00,1.04306,1.04398,1.04152,1.04163,4580.0,0,0.0,0.0001,1e-05
2022-11-24 10:00:00+00:00,1.0416,1.0421,1.04001,1.04059,5428.0,0,0.0,0.0001,1e-05
2022-11-24 11:00:00+00:00,1.04059,1.04255,1.04059,1.04194,4594.0,0,0.0,0.0001,1e-05
2022-11-24 12:00:00+00:00,1.04195,1.04293,1.03927,1.04055,5204.0,0,0.0,0.0001,1e-05
2022-11-24 13:00:00+00:00,1.0406,1.04088,1.03819,1.04046,4340.0,0,0.0,0.0001,1e-05
2022-11-24 14:00:00+00:00,1.04046,1.04143,1.03981,1.04122,3939.0,0,0.0,0.0001,1e-05
2022-11-24 15:00:00+00:00,1.0412,1.04257,1.0408,1.04228,4813.0,0,0.0,0.0001,1e-05
2022-11-24 16:00:00+00:00,1.04232,1.04275,1.04158,1.0422,4291.0,0,0.0,0.0001,1e-05
2022-11-24 17:00:00+00:00,1.04221,1.04238,1.04044,1.04095,4350.0,0,0.0,0.0001,1e-05
2022-11-24 18:00:00+00:00,1.04096,1.04147,1.04021,1.04071,2709.0,0,0.0,0.0001,1e-05
2022-11-24 19:00:00+00:00,1.0407,1.04095,1.04019,1.04089,1957.0,0,0.0,0.0001,1e-05
2022-11-24 20:00:00+00:00,1.04088,1.04103,1.04012,1.04056,789.0,0,0.0,0.0001,1e-05
2022-11-24 21:00:00+00:00,1.04057,1.04137,1.04042,1.04134,942.0,0,0.0,0.0001,1e-05
2022-11-24 22:00:00+00:00,1.04135,1.04143,1.0406,1.04133,1435.0,0,0.0,0.0001,1e-05
2022-11-24 23:00:00+00:00,1.04134,1.04134,1.04081,1.04102,1721.0,0,0.0,0.0001,1e-05
2022-11-25 00:00:00+00:00,1.04016,1.04097,1.04016,1.04085,247.0,8,0.0,0.0001,1e-05
2022-11-25 01:00:00+00:00,1.04083,1.04096,1.04065,1.04077,991.0,0,0.0,0.0001,1e-05
2022-11-25 02:00:00+00:00,1.04077,1.04114,1.03961,1.04057,3098.0,0,0.0,0.0001,1e-05
2022-11-25 03:00:00+00:00,1.04059,1.04151,1.04036,1.04096,4509.0,0,0.0,0.0001,1e-05
2022-11-25 04:00:00+00:00,1.04097,1.0416,1.04083,1.04111,2913.0,0,0.0,0.0001,1e-05
2022-11-25 05:00:00+00:00,1.04111,1.04183,1.04047,1.04164,2426.0,0,0.0,0.0001,1e-05
2022-11-25 06:00:00+00:00,1.04164,1.04293,1.04163,1.04214,3191.0,0,0.0,0.0001,1e-05
2022-11-25 07:00:00+00:00,1.04216,1.04223,1.04073,1.04112,3161.0,0,0.0,0.0001,1e-05
2022-11-25 08:00:00+00:00,1.04112,1.0423,1.04073,1.04201,2865.0,0,0.0,0.0001,1e-05
2022-11-25 09:00:00+00:00,1.042,1.04224,1.04087,1.04093,4607.0,0,0.0,0.0001,1e-05
2022-11-25 10:00:00+00:00,1.04093,1.0428,1.04079,1.04227,5593.0,0,0.0,0.0001,1e-05
2022-11-25 11:00:00+00:00,1.04227,1.04283,1.03825,1.03934,5625.0,0,0.0,0.0001,1e-05
2022-11-25 12:00:00+00:00,1.03934,1.04218,1.03911,1.04148,4820.0,0,0.0,0.0001,1e-05
2022-11-25 13:00:00+00:00,1.04149,1.04149,1.03887,1.03902,3529.0,0,0.0,0.0001,1e-05
2022-11-25 14:00:00+00:00,1.03901,1.03976,1.03758,1.03787,4337.0,0,0.0,0.0001,1e-05
2022-11-25 15:00:00+00:00,1.03788,1.03832,1.03611,1.03723,5889.0,0,0.0,0.0001,1e-05
2022-11-25 16:00:00+00:00,1.03727,1.03888,1.0354700000000001,1.0382,5796.0,0,0.0,0.0001,1e-05
2022-11-25 17:00:00+00:00,1.03816,1.04072,1.03766,1.04069,5206.0,0,0.0,0.0001,1e-05
2022-11-25 18:00:00+00:00,1.04067,1.04115,1.03915,1.04013,4695.0,0,0.0,0.0001,1e-05
2022-11-25 19:00:00+00:00,1.04012,1.04094,1.03984,1.0406,3351.0,0,0.0,0.0001,1e-05
2022-11-25 20:00:00+00:00,1.04061,1.04062,1.03969,1.04015,2930.0,0,0.0,0.0001,1e-05
2022-11-25 21:00:00+00:00,1.04017,1.04145,1.03986,1.04117,5221.0,0,0.0,0.0001,1e-05
2022-11-25 22:00:00+00:00,1.0412,1.0414,1.04061,1.04083,1953.0,2,0.0,0.0001,1e-05
2022-11-25 23:00:00+00:00,1.04084,1.04107,1.0385,1.03888,759.0,1,0.0,0.0001,1e-05
2022-11-28 00:00:00+00:00,1.03698,1.03792,1.03682,1.03756,1212.0,0,0.0,0.0001,1e-05
2022-11-28 01:00:00+00:00,1.03753,1.03811,1.03655,1.0366900000000001,2323.0,0,0.0,0.0001,1e-05
2022-11-28 02:00:00+00:00,1.0367,1.03839,1.03658,1.03781,3615.0,0,0.0,0.0001,1e-05
2022-11-28 03:00:00+00:00,1.03787,1.03805,1.03413,1.03482,4955.0,0,0.0,0.0001,1e-05
2022-11-28 04:00:00+00:00,1.03483,1.0365199999999999,1.03433,1.0360800000000001,4357.0,0,0.0,0.0001,1e-05
2022-11-28 05:00:00+00:00,1.0360800000000001,1.03613,1.03512,1.03549,2822.0,0,0.0,0.0001,1e-05
2022-11-28 06:00:00+00:00,1.03548,1.03631,1.03515,1.03621,2517.0,0,0.0,0.0001,1e-05
2022-11-28 07:00:00+00:00,1.03621,1.03623,1.03468,1.03507,2953.0,0,0.0,0.0001,1e-05
2022-11-28 08:00:00+00:00,1.03507,1.03751,1.03482,1.03716,3239.0,0,0.0,0.0001,1e-05
2022-11-28 09:00:00+00:00,1.03722,1.03851,1.03703,1.03739,5163.0,0,0.0,0.0001,1e-05
2022-11-28 10:00:00+00:00,1.0374,1.04406,1.03673,1.04392,8675.0,0,0.0,0.0001,1e-05
2022-11-28 11:00:00+00:00,1.04391,1.04564,1.04329,1.04478,6821.0,0,0.0,0.0001,1e-05
2022-11-28 12:00:00+00:00,1.04481,1.0482,1.04389,1.04742,5585.0,0,0.0,0.0001,1e-05
2022-11-28 13:00:00+00:00,1.04742,1.04969,1.04721,1.04734,6212.0,0,0.0,0.0001,1e-05
2022-11-28 14:00:00+00:00,1.04734,1.04774,1.04589,1.0473,5558.0,0,0.0,0.0001,1e-05
2022-11-28 15:00:00+00:00,1.04729,1.04769,1.04443,1.04631,5598.0,0,0.0,0.0001,1e-05
2022-11-28 16:00:00+00:00,1.0463,1.0463,1.04221,1.043,7746.0,0,0.0,0.0001,1e-05
2022-11-28 17:00:00+00:00,1.04298,1.04338,1.03909,1.03984,7882.0,0,0.0,0.0001,1e-05
2022-11-28 18:00:00+00:00,1.03979,1.04023,1.03763,1.03852,5367.0,0,0.0,0.0001,1e-05
2022-11-28 19:00:00+00:00,1.03852,1.03884,1.03685,1.03698,6075.0,0,0.0,0.0001,1e-05
2022-11-28 20:00:00+00:00,1.03696,1.0373,1.03562,1.03613,4054.0,0,0.0,0.0001,1e-05
2022-11-28 21:00:00+00:00,1.03613,1.03637,1.03372,1.03378,2473.0,0,0.0,0.0001,1e-05
2022-11-28 22:00:00+00:00,1.03383,1.03404,1.03303,1.03356,2520.0,0,0.0,0.0001,1e-05
2022-11-28 23:00:00+00:00,1.03358,1.03423,1.03338,1.03396,1672.0,0,0.0,0.0001,1e-05
2022-11-29 00:00:00+00:00,1.03368,1.03424,1.03357,1.03416,1298.0,9,0.0,0.0001,1e-05
2022-11-29 01:00:00+00:00,1.03419,1.03468,1.03394,1.03435,1969.0,0,0.0,0.0001,1e-05
2022-11-29 02:00:00+00:00,1.03434,1.03505,1.03397,1.03403,2033.0,0,0.0,0.0001,1e-05
2022-11-29 03:00:00+00:00,1.03403,1.03625,1.03341,1.03597,5133.0,0,0.0,0.0001,1e-05
2022-11-29 04:00:00+00:00,1.03596,1.03618,1.03484,1.0349,3407.0,0,0.0,0.0001,1e-05
2022-11-29 05:00:00+00:00,1.0349,1.03832,1.03472,1.03788,4589.0,0,0.0,0.0001,1e-05
2022-11-29 06:00:00+00:00,1.03788,1.03944,1.03751,1.0393,3140.0,0,0.0,0.0001,1e-05
2022-11-29 07:00:00+00:00,1.0393,1.03932,1.03801,1.03867,3129.0,0,0.0,0.0001,1e-05
2022-11-29 08:00:00+00:00,1.03868,1.03895,1.03522,1.0359,5120.0,0,0.0,0.0001,1e-05
2022-11-29 09:00:00+00:00,1.03589,1.03875,1.0352999999999999,1.03815,6586.0,0,0.0,0.0001,1e-05
2022-11-29 10:00:00+00:00,1.03805,1.03927,1.03509,1.03829,7498.0,0,0.0,0.0001,1e-05
2022-11-29 11:00:00+00:00,1.0383,1.03875,1.03559,1.03648,6273.0,0,0.0,0.0001,1e-05
2022-11-29 12:00:00+00:00,1.03646,1.03935,1.03637,1.03825,4478.0,0,0.0,0.0001,1e-05
2022-11-29 13:00:00+00:00,1.03824,1.03861,1.03676,1.03826,4184.0,0,0.0,0.0001,1e-05
2022-11-29 14:00:00+00:00,1.03826,1.03837,1.036,1.03754,4351.0,0,0.0,0.0001,1e-05
2022-11-29 15:00:00+00:00,1.03756,1.03845,1.03247,1.03303,8480.0,0,0.0,0.0001,1e-05
2022-11-29 16:00:00+00:00,1.03303,1.03474,1.03258,1.03395,8390.0,0,0.0,0.0001,1e-05
2022-11-29 17:00:00+00:00,1.03396,1.03732,1.03389,1.03563,8876.0,0,0.0,0.0001,1e-05
2022-11-29 18:00:00+00:00,1.03565,1.03586,1.03311,1.03552,6765.0,0,0.0,0.0001,1e-05
2022-11-29 19:00:00+00:00,1.03552,1.03553,1.03362,1.03401,4934.0,0,0.0,0.0001,1e-05
2022-11-29 20:00:00+00:00,1.03402,1.03464,1.03283,1.03379,3660.0,0,0.0,0.0001,1e-05
2022-11-29 21:00:00+00:00,1.0338,1.03455,1.03227,1.03277,4044.0,0,0.0,0.0001,1e-05
2022-11-29 22:00:00+00:00,1.03278,1.03309,1.03201,1.03255,3432.0,0,0.0,0.0001,1e-05
2022-11-29 23:00:00+00:00,1.03255,1.03302,1.03245,1.03293,1337.0,0,0.0,0.0001,1e-05
2022-11-30 00:00:00+00:00,1.03248,1.03323,1.03226,1.03269,3306.0,1,0.0,0.0001,1e-05
2022-11-30 01:00:00+00:00,1.03269,1.033,1.0319,1.03238,1231.0,1,0.0,0.0001,1e-05
2022-11-30 02:00:00+00:00,1.03243,1.03435,1.03207,1.03431,3393.0,1,0.0,0.0001,1e-05
2022-11-30 03:00:00+00:00,1.03431,1.03531,1.03359,1.03479,3841.0,1,0.0,0.0001,1e-05
2022-11-30 04:00:00+00:00,1.03479,1.03523,1.03403,1.03488,2679.0,1,0.0,0.0001,1e-05
2022-11-30 05:00:00+00:00,1.03488,1.03503,1.03434,1.0348,1895.0,1,0.0,0.0001,1e-05
2022-11-30 06:00:00+00:00,1.03481,1.03602,1.0348,1.03559,1748.0,1,0.0,0.0001,1e-05
2022-11-30 07:00:00+00:00,1.0356,1.0361,1.03484,1.0349,2936.0,1,0.0,0.0001,1e-05
2022-11-30 08:00:00+00:00,1.0348600000000001,1.0354,1.03358,1.03426,3087.0,1,0.0,0.0001,1e-05
2022-11-30 09:00:00+00:00,1.03424,1.03572,1.03391,1.03513,3914.0,1,0.0,0.0001,1e-05
2022-11-30 10:00:00+00:00,1.03512,1.03704,1.03417,1.03687,5152.0,1,0.0,0.0001,1e-05
2022-11-30 11:00:00+00:00,1.03686,1.03812,1.03567,1.03582,4464.0,1,0.0,0.0001,1e-05
2022-11-30 12:00:00+00:00,1.03582,1.038,1.03538,1.03541,4115.0,1,0.0,0.0001,1e-05
2022-11-30 13:00:00+00:00,1.0354,1.0367,1.03466,1.0359099999999999,3801.0,1,0.0,0.0001,1e-05
2022-11-30 14:00:00+00:00,1.03594,1.03716,1.03562,1.03687,3616.0,1,0.0,0.0001,1e-05
2022-11-30 15:00:00+00:00,1.03685,1.03918,1.03573,1.03589,8375.0,1,0.0,0.0001,1e-05
2022-11-30 16:00:00+00:00,1.0359,1.03997,1.03582,1.03853,8287.0,1,0.0,0.0001,1e-05
2022-11-30 17:00:00+00:00,1.03864,1.03883,1.02947,1.02983,11547.0,1,0.0,0.0001,1e-05
2022-11-30 18:00:00+00:00,1.02986,1.03249,1.0290300000000001,1.03192,6407.0,1,0.0,0.0001,1e-05
2022-11-30 19:00:00+00:00,1.03236,1.03333,1.03046,1.0315,5064.0,1,0.0,0.0001,1e-05
2022-11-30 20:00:00+00:00,1.0315,1.03788,1.03064,1.03725,10834.0,1,0.0,0.0001,1e-05
2022-11-30 21:00:00+00:00,1.03724,1.04153,1.03632,1.04136,12577.0,1,0.0,0.0001,1e-05
2022-11-30 22:00:00+00:00,1.04137,1.04288,1.04057,1.04076,6235.0,1,0.0,0.0001,1e-05
2022-11-30 23:00:00+00:00,1.04075,1.04089,1.0399,1.04083,3286.0,1,0.0,0.0001,1e-05
2022-12-01 00:00:00+00:00,1.04033,1.04103,1.04007,1.04086,4089.0,4,0.0,0.0001,1e-05
2022-12-01 01:00:00+00:00,1.04087,1.04303,1.04087,1.04232,2590.0,1,0.0,0.0001,1e-05
2022-12-01 02:00:00+00:00,1.04231,1.04395,1.0422,1.0438,3837.0,1,0.0,0.0001,1e-05
2022-12-01 03:00:00+00:00,1.04379,1.04479,1.04243,1.04261,6215.0,1,0.0,0.0001,1e-05
2022-12-01 04:00:00+00:00,1.04262,1.04308,1.04189,1.04262,4702.0,1,0.0,0.0001,1e-05
2022-12-01 05:00:00+00:00,1.04262,1.04328,1.04233,1.04317,3314.0,1,0.0,0.0001,1e-05
2022-12-01 06:00:00+00:00,1.04317,1.04424,1.04261,1.04393,2251.0,1,0.0,0.0001,1e-05
2022-12-01 07:00:00+00:00,1.04393,1.04515,1.04378,1.04457,4764.0,1,0.0,0.0001,1e-05
2022-12-01 08:00:00+00:00,1.04457,1.04566,1.04408,1.04561,4028.0,1,0.0,0.0001,1e-05
2022-12-01 09:00:00+00:00,1.0456,1.0464,1.03943,1.04038,7289.0,1,0.0,0.0001,1e-05
2022-12-01 10:00:00+00:00,1.04037,1.04465,1.03932,1.04443,8875.0,1,0.0,0.0001,1e-05
2022-12-01 11:00:00+00:00,1.04444,1.04468,1.04268,1.04416,5838.0,1,0.0,0.0001,1e-05
2022-12-01 12:00:00+00:00,1.04416,1.045,1.04183,1.04202,4951.0,1,0.0,0.0001,1e-05
2022-12-01 13:00:00+00:00,1.04202,1.04407,1.04178,1.04377,4263.0,1,0.0,0.0001,1e-05
2022-12-01 14:00:00+00:00,1.04376,1.04549,1.04363,1.04448,4940.0,1,0.0,0.0001,1e-05
2022-12-01 15:00:00+00:00,1.04448,1.05139,1.04348,1.04894,9781.0,1,0.0,0.0001,1e-05
2022-12-01 16:00:00+00:00,1.04894,1.05292,1.04847,1.05229,9676.0,1,0.0,0.0001,1e-05
2022-12-01 17:00:00+00:00,1.05227,1.05336,1.04714,1.04874,14180.0,1,0.0,0.0001,1e-05
2022-12-01 18:00:00+00:00,1.04874,1.05089,1.04824,1.04973,8196.0,1,0.0,0.0001,1e-05
2022-12-01 19:00:00+00:00,1.04973,1.05127,1.04696,1.05075,7102.0,1,0.0,0.0001,1e-05
2022-12-01 20:00:00+00:00,1.05075,1.05194,1.05029,1.0507900000000001,4977.0,1,0.0,0.0001,1e-05
2022-12-01 21:00:00+00:00,1.0507900000000001,1.05202,1.04963,1.05187,4454.0,1,0.0,0.0001,1e-05
2022-12-01 22:00:00+00:00,1.05188,1.05304,1.05121,1.05241,3679.0,1,0.0,0.0001,1e-05
2022-12-01 23:00:00+00:00,1.0524,1.05293,1.05219,1.05253,1652.0,1,0.0,0.0001,1e-05
2022-12-02 00:00:00+00:00,1.05203,1.05248,1.0517,1.0522,3089.0,13,0.0,0.0001,1e-05
2022-12-02 01:00:00+00:00,1.05223,1.05394,1.05198,1.05279,2334.0,1,0.0,0.0001,1e-05
2022-12-02 02:00:00+00:00,1.05279,1.05279,1.05073,1.05104,3718.0,1,0.0,0.0001,1e-05
2022-12-02 03:00:00+00:00,1.05101,1.05174,1.05065,1.05133,3444.0,1,0.0,0.0001,1e-05
2022-12-02 04:00:00+00:00,1.05133,1.05169,1.05051,1.05119,4128.0,1,0.0,0.0001,1e-05
2022-12-02 05:00:00+00:00,1.05119,1.05258,1.05098,1.05246,2379.0,1,0.0,0.0001,1e-05
2022-12-02 06:00:00+00:00,1.05246,1.05261,1.05166,1.05234,2282.0,1,0.0,0.0001,1e-05
2022-12-02 07:00:00+00:00,1.05234,1.05286,1.05181,1.05233,3463.0,1,0.0,0.0001,1e-05
2022-12-02 08:00:00+00:00,1.05233,1.0536,1.0523,1.0528,4050.0,1,0.0,0.0001,1e-05
2022-12-02 09:00:00+00:00,1.05279,1.05425,1.05239,1.05295,6134.0,1,0.0,0.0001,1e-05
2022-12-02 10:00:00+00:00,1.05295,1.05451,1.05129,1.05356,7211.0,1,0.0,0.0001,1e-05
2022-12-02 11:00:00+00:00,1.05356,1.05402,1.05155,1.05299,5934.0,1,0.0,0.0001,1e-05
2022-12-02 12:00:00+00:00,1.053,1.05302,1.05163,1.05293,3887.0,1,0.0,0.0001,1e-05
2022-12-02 13:00:00+00:00,1.05293,1.05393,1.05229,1.05373,3571.0,1,0.0,0.0001,1e-05
2022-12-02 14:00:00+00:00,1.05374,1.05447,1.05265,1.05378,4621.0,1,0.0,0.0001,1e-05
2022-12-02 15:00:00+00:00,1.05381,1.05411,1.04284,1.04623,13552.0,1,0.0,0.0001,1e-05
2022-12-02 16:00:00+00:00,1.04624,1.04911,1.04452,1.04707,13295.0,1,0.0,0.0001,1e-05
2022-12-02 17:00:00+00:00,1.04707,1.04798,1.04496,1.04734,9687.0,1,0.0,0.0001,1e-05
2022-12-02 18:00:00+00:00,1.04733,1.0526,1.04662,1.05198,8740.0,1,0.0,0.0001,1e-05
2022-12-02 19:00:00+00:00,1.05198,1.0534,1.0515,1.05253,6363.0,1,0.0,0.0001,1e-05
2022-12-02 20:00:00+00:00,1.05258,1.0533,1.05183,1.05193,3274.0,1,0.0,0.0001,1e-05
2022-12-02 21:00:00+00:00,1.05194,1.05368,1.05105,1.05362,3431.0,1,0.0,0.0001,1e-05
2022-12-02 22:00:00+00:00,1.05361,1.05404,1.05309,1.05333,4892.0,1,0.0,0.0001,1e-05
2022-12-02 23:00:00+00:00,1.05333,1.05423,1.05324,1.05413,1746.0,1,0.0,0.0001,1e-05
2022-12-05 00:00:00+00:00,1.05308,1.05427,1.05299,1.05385,1279.0,12,0.0,0.0001,1e-05
2022-12-05 01:00:00+00:00,1.05389,1.05439,1.05307,1.05437,2258.0,1,0.0,0.0001,1e-05
2022-12-05 02:00:00+00:00,1.05437,1.05479,1.05395,1.05427,3444.0,1,0.0,0.0001,1e-05
2022-12-05 03:00:00+00:00,1.05427,1.05743,1.05426,1.05681,4032.0,1,0.0,0.0001,1e-05
2022-12-05 04:00:00+00:00,1.0568,1.0572300000000001,1.05575,1.05704,3196.0,1,0.0,0.0001,1e-05
2022-12-05 05:00:00+00:00,1.05704,1.05829,1.05668,1.05803,2214.0,1,0.0,0.0001,1e-05
2022-12-05 06:00:00+00:00,1.05804,1.05834,1.05762,1.05812,1860.0,1,0.0,0.0001,1e-05
2022-12-05 07:00:00+00:00,1.05812,1.05849,1.05747,1.05832,2335.0,1,0.0,0.0001,1e-05
2022-12-05 08:00:00+00:00,1.05832,1.05832,1.05683,1.0569,3488.0,1,0.0,0.0001,1e-05
2022-12-05 09:00:00+00:00,1.05707,1.05714,1.05306,1.05392,5834.0,1,0.0,0.0001,1e-05
2022-12-05 10:00:00+00:00,1.05392,1.05547,1.05338,1.05544,7305.0,0,0.0,0.0001,1e-05
2022-12-05 11:00:00+00:00,1.05544,1.05654,1.05481,1.05594,6911.0,1,0.0,0.0001,1e-05
2022-12-05 12:00:00+00:00,1.05593,1.05597,1.05199,1.05363,5122.0,1,0.0,0.0001,1e-05
2022-12-05 13:00:00+00:00,1.05363,1.05769,1.05293,1.05645,4530.0,1,0.0,0.0001,1e-05
2022-12-05 14:00:00+00:00,1.05645,1.05949,1.05601,1.05899,4909.0,1,0.0,0.0001,1e-05
2022-12-05 15:00:00+00:00,1.05899,1.05938,1.05636,1.05658,7888.0,1,0.0,0.0001,1e-05
2022-12-05 16:00:00+00:00,1.05656,1.05686,1.05489,1.05498,6771.0,1,0.0,0.0001,1e-05
2022-12-05 17:00:00+00:00,1.05497,1.05497,1.05036,1.05251,11311.0,1,0.0,0.0001,1e-05
2022-12-05 18:00:00+00:00,1.05252,1.05381,1.04905,1.04933,6344.0,1,0.0,0.0001,1e-05
2022-12-05 19:00:00+00:00,1.04933,1.05157,1.04903,1.04955,4737.0,1,0.0,0.0001,1e-05
2022-12-05 20:00:00+00:00,1.04954,1.05064,1.04943,1.04975,2541.0,1,0.0,0.0001,1e-05
2022-12-05 21:00:00+00:00,1.04975,1.04991,1.04818,1.04926,3039.0,1,0.0,0.0001,1e-05
2022-12-05 22:00:00+00:00,1.04926,1.04975,1.04802,1.04851,4520.0,1,0.0,0.0001,1e-05
2022-12-05 23:00:00+00:00,1.04852,1.04944,1.04842,1.04931,2064.0,1,0.0,0.0001,1e-05
2022-12-06 00:00:00+00:00,1.04866,1.04949,1.04847,1.04937,1508.0,4,0.0,0.0001,1e-05
2022-12-06 01:00:00+00:00,1.0493999999999999,1.04986,1.04921,1.04964,1569.0,1,0.0,0.0001,1e-05
2022-12-06 02:00:00+00:00,1.04965,1.05114,1.0495,1.05106,1939.0,1,0.0,0.0001,1e-05
2022-12-06 03:00:00+00:00,1.05106,1.05188,1.05042,1.05105,3787.0,1,0.0,0.0001,1e-05
2022-12-06 04:00:00+00:00,1.05105,1.05151,1.04913,1.04978,4765.0,1,0.0,0.0001,1e-05
2022-12-06 05:00:00+00:00,1.04977,1.05096,1.04879,1.04925,3707.0,1,0.0,0.0001,1e-05
2022-12-06 06:00:00+00:00,1.04925,1.04992,1.04897,1.04906,3155.0,1,0.0,0.0001,1e-05
2022-12-06 07:00:00+00:00,1.04906,1.0495,1.04833,1.0493999999999999,3977.0,1,0.0,0.0001,1e-05
2022-12-06 08:00:00+00:00,1.0493999999999999,1.04954,1.04757,1.04844,4295.0,1,0.0,0.0001,1e-05
2022-12-06 09:00:00+00:00,1.04842,1.04981,1.04764,1.04907,5056.0,1,0.0,0.0001,1e-05
2022-12-06 10:00:00+00:00,1.04906,1.05094,1.0482,1.04908,6736.0,1,0.0,0.0001,1e-05
2022-12-06 11:00:00+00:00,1.04909,1.05026,1.0479,1.04941,5147.0,1,0.0,0.0001,1e-05
2022-12-06 12:00:00+00:00,1.04938,1.05086,1.04915,1.05017,4708.0,1,0.0,0.0001,1e-05
2022-12-06 13:00:00+00:00,1.05016,1.05228,1.04945,1.05169,4028.0,1,0.0,0.0001,1e-05
2022-12-06 14:00:00+00:00,1.05166,1.0533,1.05133,1.05256,3984.0,1,0.0,0.0001,1e-05
2022-12-06 15:00:00+00:00,1.05256,1.05261,1.05034,1.05134,5269.0,1,0.0,0.0001,1e-05
2022-12-06 16:00:00+00:00,1.05134,1.05191,1.04982,1.0501,6622.0,1,0.0,0.0001,1e-05
2022-12-06 17:00:00+00:00,1.0501,1.05095,1.04861,1.04989,8313.0,1,0.0,0.0001,1e-05
2022-12-06 18:00:00+00:00,1.0499,1.0529,1.04954,1.04955,6591.0,1,0.0,0.0001,1e-05
2022-12-06 19:00:00+00:00,1.04956,1.04977,1.04797,1.04821,4432.0,1,0.0,0.0001,1e-05
2022-12-06 20:00:00+00:00,1.04821,1.04827,1.04632,1.04639,3309.0,1,0.0,0.0001,1e-05
2022-12-06 21:00:00+00:00,1.04639,1.04691,1.04594,1.04633,3028.0,1,0.0,0.0001,1e-05
2022-12-06 22:00:00+00:00,1.04635,1.04719,1.04622,1.04697,1862.0,1,0.0,0.0001,1e-05
2022-12-06 23:00:00+00:00,1.04701,1.04707,1.04643,1.04673,812.0,1,0.0,0.0001,1e-05
2022-12-07 00:00:00+00:00,1.04631,1.04684,1.04631,1.04656,1366.0,9,0.0,0.0001,1e-05
2022-12-07 01:00:00+00:00,1.04656,1.047,1.04644,1.04675,1174.0,1,0.0,0.0001,1e-05
2022-12-07 02:00:00+00:00,1.04675,1.04682,1.04563,1.04613,2400.0,1,0.0,0.0001,1e-05
2022-12-07 03:00:00+00:00,1.04613,1.04741,1.04552,1.04729,3531.0,1,0.0,0.0001,1e-05
2022-12-07 04:00:00+00:00,1.04726,1.04766,1.04651,1.04657,4223.0,1,0.0,0.0001,1e-05
2022-12-07 05:00:00+00:00,1.04657,1.04678,1.04581,1.04672,2341.0,1,0.0,0.0001,1e-05
2022-12-07 06:00:00+00:00,1.04672,1.04683,1.04586,1.04634,1660.0,1,0.0,0.0001,1e-05
2022-12-07 07:00:00+00:00,1.04637,1.0471,1.0462,1.04665,2720.0,1,0.0,0.0001,1e-05
2022-12-07 08:00:00+00:00,1.04668,1.04682,1.04475,1.0449,3900.0,1,0.0,0.0001,1e-05
2022-12-07 09:00:00+00:00,1.04491,1.04672,1.04432,1.04597,4952.0,1,0.0,0.0001,1e-05
2022-12-07 10:00:00+00:00,1.04598,1.04803,1.04496,1.0478,6344.0,1,0.0,0.0001,1e-05
2022-12-07 11:00:00+00:00,1.0478,1.04844,1.04659,1.0476,5335.0,1,0.0,0.0001,1e-05
2022-12-07 12:00:00+00:00,1.04761,1.05068,1.04726,1.04997,5029.0,1,0.0,0.0001,1e-05
2022-12-07 13:00:00+00:00,1.04997,1.05046,1.04892,1.04894,3917.0,1,0.0,0.0001,1e-05
2022-12-07 14:00:00+00:00,1.04894,1.05395,1.04862,1.05366,4148.0,1,0.0,0.0001,1e-05
2022-12-07 15:00:00+00:00,1.05365,1.05472,1.05199,1.05424,7668.0,1,0.0,0.0001,1e-05
2022-12-07 16:00:00+00:00,1.05424,1.05498,1.05157,1.05173,8706.0,1,0.0,0.0001,1e-05
2022-12-07 17:00:00+00:00,1.05173,1.05293,1.04948,1.05042,12451.0,1,0.0,0.0001,1e-05
2022-12-07 18:00:00+00:00,1.05041,1.05107,1.04881,1.05038,5872.0,1,0.0,0.0001,1e-05
2022-12-07 19:00:00+00:00,1.05039,1.05221,1.04988,1.05181,4782.0,1,0.0,0.0001,1e-05
2022-12-07 20:00:00+00:00,1.05181,1.05288,1.05103,1.05106,3171.0,1,0.0,0.0001,1e-05
2022-12-07 21:00:00+00:00,1.05106,1.05202,1.05065,1.05143,2921.0,1,0.0,0.0001,1e-05
2022-12-07 22:00:00+00:00,1.05143,1.0517,1.05027,1.05098,2700.0,1,0.0,0.0001,1e-05
2022-12-07 23:00:00+00:00,1.05098,1.05124,1.05038,1.05058,1470.0,1,0.0,0.0001,1e-05
2022-12-08 00:00:00+00:00,1.05022,1.05113,1.05022,1.05073,2172.0,1,0.0,0.0001,1e-05
2022-12-08 01:00:00+00:00,1.05073,1.05151,1.05073,1.05119,1257.0,1,0.0,0.0001,1e-05
2022-12-08 02:00:00+00:00,1.05119,1.05152,1.05015,1.05021,2159.0,1,0.0,0.0001,1e-05
2022-12-08 03:00:00+00:00,1.05021,1.05044,1.04947,1.05016,3978.0,1,0.0,0.0001,1e-05
2022-12-08 04:00:00+00:00,1.05017,1.05074,1.04947,1.04956,3439.0,1,0.0,0.0001,1e-05
2022-12-08 05:00:00+00:00,1.04958,1.05048,1.04943,1.05039,2364.0,1,0.0,0.0001,1e-05
2022-12-08 06:00:00+00:00,1.05039,1.05044,1.04947,1.05011,2824.0,1,0.0,0.0001,1e-05
2022-12-08 07:00:00+00:00,1.05011,1.05059,1.04939,1.05035,2664.0,1,0.0,0.0001,1e-05
2022-12-08 08:00:00+00:00,1.05035,1.05188,1.05024,1.05135,2119.0,1,0.0,0.0001,1e-05
2022-12-08 09:00:00+00:00,1.05132,1.05308,1.05094,1.05259,4477.0,1,0.0,0.0001,1e-05
2022-12-08 10:00:00+00:00,1.05259,1.05275,1.05124,1.05268,5355.0,1,0.0,0.0001,1e-05
2022-12-08 11:00:00+00:00,1.05268,1.05268,1.04896,1.04946,3915.0,1,0.0,0.0001,1e-05
2022-12-08 12:00:00+00:00,1.04947,1.05137,1.04908,1.05133,3631.0,1,0.0,0.0001,1e-05
2022-12-08 13:00:00+00:00,1.05132,1.05142,1.04924,1.05082,3433.0,1,0.0,0.0001,1e-05
2022-12-08 14:00:00+00:00,1.05082,1.05243,1.05063,1.05188,4406.0,1,0.0,0.0001,1e-05
2022-12-08 15:00:00+00:00,1.05188,1.0532,1.05109,1.05205,6282.0,1,0.0,0.0001,1e-05
2022-12-08 16:00:00+00:00,1.05205,1.05402,1.05175,1.05391,8436.0,1,0.0,0.0001,1e-05
2022-12-08 17:00:00+00:00,1.05391,1.0549,1.05352,1.05459,5986.0,1,0.0,0.0001,1e-05
2022-12-08 18:00:00+00:00,1.05458,1.0565,1.05343,1.05514,4417.0,1,0.0,0.0001,1e-05
2022-12-08 19:00:00+00:00,1.05514,1.05564,1.05392,1.05443,3409.0,1,0.0,0.0001,1e-05
2022-12-08 20:00:00+00:00,1.05443,1.0562,1.05385,1.0558,2945.0,1,0.0,0.0001,1e-05
2022-12-08 21:00:00+00:00,1.0558,1.05635,1.05455,1.05603,3648.0,1,0.0,0.0001,1e-05
2022-12-08 22:00:00+00:00,1.05603,1.0561,1.05533,1.05558,2407.0,1,0.0,0.0001,1e-05
2022-12-08 23:00:00+00:00,1.05557,1.05592,1.05546,1.05546,1046.0,1,0.0,0.0001,1e-05
2022-12-09 00:00:00+00:00,1.05523,1.05575,1.0549,1.05552,2253.0,11,0.0,0.0001,1e-05
2022-12-09 01:00:00+00:00,1.05552,1.05635,1.05549,1.05556,1375.0,1,0.0,0.0001,1e-05
2022-12-09 02:00:00+00:00,1.05556,1.05603,1.0552,1.05601,2111.0,1,0.0,0.0001,1e-05
2022-12-09 03:00:00+00:00,1.05601,1.05854,1.05594,1.0579,5033.0,1,0.0,0.0001,1e-05
2022-12-09 04:00:00+00:00,1.0579,1.05809,1.05662,1.05743,4018.0,1,0.0,0.0001,1e-05
2022-12-09 05:00:00+00:00,1.05743,1.05841,1.05737,1.05806,2963.0,1,0.0,0.0001,1e-05
2022-12-09 06:00:00+00:00,1.05811,1.05826,1.05759,1.05761,2334.0,1,0.0,0.0001,1e-05
2022-12-09 07:00:00+00:00,1.05762,1.05867,1.05746,1.05772,2781.0,1,0.0,0.0001,1e-05
2022-12-09 08:00:00+00:00,1.05771,1.05787,1.05711,1.05761,3188.0,1,0.0,0.0001,1e-05
2022-12-09 09:00:00+00:00,1.05765,1.05883,1.05669,1.05681,4344.0,1,0.0,0.0001,1e-05
2022-12-09 10:00:00+00:00,1.05681,1.0577,1.05608,1.0561,4320.0,1,0.0,0.0001,1e-05
2022-12-09 11:00:00+00:00,1.0561,1.05662,1.05467,1.05573,4170.0,1,0.0,0.0001,1e-05
2022-12-09 12:00:00+00:00,1.05576,1.05689,1.05526,1.05587,3222.0,1,0.0,0.0001,1e-05
2022-12-09 13:00:00+00:00,1.05587,1.05645,1.05511,1.05537,4299.0,1,0.0,0.0001,1e-05
2022-12-09 14:00:00+00:00,1.05543,1.05665,1.05502,1.0556,5109.0,1,0.0,0.0001,1e-05
2022-12-09 15:00:00+00:00,1.0556,1.05664,1.05019,1.05389,11181.0,0,0.0,0.0001,1e-05
2022-12-09 16:00:00+00:00,1.05394,1.05503,1.05253,1.05347,8394.0,1,0.0,0.0001,1e-05
2022-12-09 17:00:00+00:00,1.05337,1.05582,1.05191,1.05409,9730.0,1,0.0,0.0001,1e-05
2022-12-09 18:00:00+00:00,1.05408,1.0554,1.0535,1.05493,4777.0,1,0.0,0.0001,1e-05
2022-12-09 19:00:00+00:00,1.05493,1.05503,1.05322,1.05455,3212.0,1,0.0,0.0001,1e-05
2022-12-09 20:00:00+00:00,1.05455,1.0556,1.05397,1.05495,2648.0,1,0.0,0.0001,1e-05
2022-12-09 21:00:00+00:00,1.05495,1.05524,1.05436,1.05471,2528.0,1,0.0,0.0001,1e-05
2022-12-09 22:00:00+00:00,1.05471,1.0548,1.05303,1.05304,2491.0,1,0.0,0.0001,1e-05
2022-12-09 23:00:00+00:00,1.05303,1.05338,1.05289,1.05335,1323.0,1,0.0,0.0001,1e-05
2022-12-12 00:00:00+00:00,1.05286,1.05375,1.05268,1.05332,526.0,1,0.0,0.0001,1e-05
2022-12-12 01:00:00+00:00,1.05328,1.05356,1.0518,1.05208,1810.0,1,0.0,0.0001,1e-05
2022-12-12 02:00:00+00:00,1.05209,1.05231,1.05097,1.05135,3488.0,1,0.0,0.0001,1e-05
2022-12-12 03:00:00+00:00,1.05136,1.0518,1.05058,1.05125,4352.0,1,0.0,0.0001,1e-05
2022-12-12 04:00:00+00:00,1.05125,1.05202,1.05061,1.05131,2826.0,1,0.0,0.0001,1e-05
2022-12-12 05:00:00+00:00,1.05131,1.05169,1.05117,1.0515,1764.0,1,0.0,0.0001,1e-05
2022-12-12 06:00:00+00:00,1.05152,1.05199,1.05141,1.05162,1194.0,1,0.0,0.0001,1e-05
2022-12-12 07:00:00+00:00,1.05162,1.05167,1.05083,1.05164,2410.0,1,0.0,0.0001,1e-05
2022-12-12 08:00:00+00:00,1.05163,1.0528,1.05089,1.05225,2960.0,1,0.0,0.0001,1e-05
2022-12-12 09:00:00+00:00,1.0523,1.05369,1.05147,1.05264,4696.0,1,0.0,0.0001,1e-05
2022-12-12 10:00:00+00:00,1.05266,1.05513,1.05204,1.05452,5289.0,1,0.0,0.0001,1e-05
2022-12-12 11:00:00+00:00,1.05452,1.05649,1.05444,1.05595,5075.0,1,0.0,0.0001,1e-05
2022-12-12 12:00:00+00:00,1.05595,1.05669,1.05548,1.05646,3119.0,1,0.0,0.0001,1e-05
2022-12-12 13:00:00+00:00,1.05646,1.05742,1.05591,1.05657,3512.0,1,0.0,0.0001,1e-05
2022-12-12 14:00:00+00:00,1.05656,1.05745,1.05536,1.05557,3607.0,1,0.0,0.0001,1e-05
2022-12-12 15:00:00+00:00,1.05559,1.05777,1.05534,1.05715,4487.0,1,0.0,0.0001,1e-05
2022-12-12 16:00:00+00:00,1.05717,1.0576699999999999,1.05498,1.05556,6059.0,1,0.0,0.0001,1e-05
2022-12-12 17:00:00+00:00,1.05558,1.05803,1.05207,1.05238,7802.0,1,0.0,0.0001,1e-05
2022-12-12 18:00:00+00:00,1.05237,1.05497,1.05176,1.05443,5557.0,1,0.0,0.0001,1e-05
2022-12-12 19:00:00+00:00,1.05443,1.05486,1.05287,1.05342,3534.0,1,0.0,0.0001,1e-05
2022-12-12 20:00:00+00:00,1.05343,1.05355,1.05162,1.05225,4341.0,1,0.0,0.0001,1e-05
2022-12-12 21:00:00+00:00,1.05225,1.0526200000000001,1.05107,1.05222,2810.0,1,0.0,0.0001,1e-05
2022-12-12 22:00:00+00:00,1.05222,1.0538,1.0521,1.05359,2715.0,1,0.0,0.0001,1e-05
2022-12-12 23:00:00+00:00,1.05359,1.05388,1.05333,1.05385,1271.0,1,0.0,0.0001,1e-05
2022-12-13 00:00:00+00:00,1.05303,1.05362,1.05302,1.0536,2129.0,12,0.0,0.0001,1e-05
2022-12-13 01:00:00+00:00,1.0536,1.05422,1.05357,1.05412,879.0,1,0.0,0.0001,1e-05
2022-12-13 02:00:00+00:00,1.05412,1.05478,1.05373,1.05445,2045.0,1,0.0,0.0001,1e-05
2022-12-13 03:00:00+00:00,1.05446,1.05495,1.05403,1.05465,3695.0,1,0.0,0.0001,1e-05
2022-12-13 04:00:00+00:00,1.05465,1.05542,1.05449,1.05465,2641.0,1,0.0,0.0001,1e-05
2022-12-13 05:00:00+00:00,1.05466,1.05482,1.05335,1.05348,2662.0,1,0.0,0.0001,1e-05
2022-12-13 06:00:00+00:00,1.05349,1.05414,1.05313,1.05412,1568.0,1,0.0,0.0001,1e-05
2022-12-13 07:00:00+00:00,1.05411,1.05516,1.05362,1.05509,2293.0,2,0.0,0.0001,1e-05
2022-12-13 08:00:00+00:00,1.05513,1.05548,1.05455,1.05466,2714.0,2,0.0,0.0001,1e-05
2022-12-13 09:00:00+00:00,1.05477,1.05604,1.0546,1.05513,4564.0,2,0.0,0.0001,1e-05
2022-12-13 10:00:00+00:00,1.05514,1.05607,1.05315,1.05475,5471.0,2,0.0,0.0001,1e-05
2022-12-13 11:00:00+00:00,1.05475,1.05475,1.0531,1.05432,4720.0,2,0.0,0.0001,1e-05
2022-12-13 12:00:00+00:00,1.05432,1.05433,1.05279,1.05353,3832.0,2,0.0,0.0001,1e-05
2022-12-13 13:00:00+00:00,1.05354,1.05462,1.05331,1.05356,3076.0,2,0.0,0.0001,1e-05
2022-12-13 14:00:00+00:00,1.05356,1.05524,1.05327,1.05485,4023.0,2,0.0,0.0001,1e-05
2022-12-13 15:00:00+00:00,1.05484,1.06619,1.05397,1.06463,13721.0,0,0.0,0.0001,1e-05
2022-12-13 16:00:00+00:00,1.06471,1.0673300000000001,1.0631,1.06453,13429.0,2,0.0,0.0001,1e-05
2022-12-13 17:00:00+00:00,1.06456,1.06504,1.06209,1.06363,11013.0,2,0.0,0.0001,1e-05
2022-12-13 18:00:00+00:00,1.0636700000000001,1.06587,1.06246,1.06293,7406.0,2,0.0,0.0001,1e-05
2022-12-13 19:00:00+00:00,1.06295,1.0638,1.06108,1.06145,7618.0,2,0.0,0.0001,1e-05
2022-12-13 20:00:00+00:00,1.06146,1.06279,1.06104,1.06202,5696.0,2,0.0,0.0001,1e-05
2022-12-13 21:00:00+00:00,1.06203,1.0641,1.0618,1.06362,3878.0,2,0.0,0.0001,1e-05
2022-12-13 22:00:00+00:00,1.06362,1.06382,1.06253,1.06269,3944.0,2,0.0,0.0001,1e-05
2022-12-13 23:00:00+00:00,1.06271,1.06331,1.0627,1.06322,1735.0,2,0.0,0.0001,1e-05
2022-12-14 00:00:00+00:00,1.0632,1.06332,1.06253,1.06326,1612.0,2,0.0,0.0001,1e-05
2022-12-14 01:00:00+00:00,1.06322,1.0636,1.06208,1.06242,1855.0,2,0.0,0.0001,1e-05
2022-12-14 02:00:00+00:00,1.0624,1.06382,1.0623,1.06359,3816.0,2,0.0,0.0001,1e-05
2022-12-14 03:00:00+00:00,1.06359,1.06389,1.06308,1.06345,4376.0,2,0.0,0.0001,1e-05
2022-12-14 04:00:00+00:00,1.06345,1.06385,1.06265,1.06276,2896.0,2,0.0,0.0001,1e-05
2022-12-14 05:00:00+00:00,1.06275,1.0629,1.0624,1.06261,1351.0,2,0.0,0.0001,1e-05
2022-12-14 06:00:00+00:00,1.06261,1.06267,1.06196,1.06239,1374.0,2,0.0,0.0001,1e-05
2022-12-14 07:00:00+00:00,1.06239,1.06304,1.06232,1.06259,1812.0,2,0.0,0.0001,1e-05
2022-12-14 08:00:00+00:00,1.06259,1.06403,1.06256,1.06373,3659.0,2,0.0,0.0001,1e-05
2022-12-14 09:00:00+00:00,1.06373,1.06424,1.06198,1.06297,5240.0,2,0.0,0.0001,1e-05
2022-12-14 10:00:00+00:00,1.06297,1.06446,1.06189,1.06421,5928.0,2,0.0,0.0001,1e-05
2022-12-14 11:00:00+00:00,1.06421,1.0665,1.06389,1.06622,5003.0,2,0.0,0.0001,1e-05
2022-12-14 12:00:00+00:00,1.06621,1.06719,1.0653299999999999,1.06697,5072.0,2,0.0,0.0001,1e-05
2022-12-14 13:00:00+00:00,1.06695,1.06709,1.06452,1.06517,4064.0,2,0.0,0.0001,1e-05
2022-12-14 14:00:00+00:00,1.06517,1.06521,1.06385,1.06455,3900.0,2,0.0,0.0001,1e-05
2022-12-14 15:00:00+00:00,1.06455,1.06532,1.06362,1.06465,5275.0,2,0.0,0.0001,1e-05
2022-12-14 16:00:00+00:00,1.06465,1.0651,1.06317,1.06427,6047.0,2,0.0,0.0001,1e-05
2022-12-14 17:00:00+00:00,1.0642800000000001,1.06615,1.06412,1.06468,5803.0,2,0.0,0.0001,1e-05
2022-12-14 18:00:00+00:00,1.06474,1.0661,1.06418,1.06542,4689.0,2,0.0,0.0001,1e-05
2022-12-14 19:00:00+00:00,1.0654,1.06676,1.06496,1.06513,4036.0,2,0.0,0.0001,1e-05
2022-12-14 20:00:00+00:00,1.06513,1.06847,1.06505,1.0677,3999.0,2,0.0,0.0001,1e-05
2022-12-14 21:00:00+00:00,1.0677,1.06786,1.06208,1.06637,21199.0,0,0.0,0.0001,1e-05
2022-12-14 22:00:00+00:00,1.06642,1.06951,1.06618,1.06791,12219.0,2,0.0,0.0001,1e-05
2022-12-14 23:00:00+00:00,1.06793,1.0687,1.0676,1.06812,1749.0,2,0.0,0.0001,1e-05
2022-12-15 00:00:00+00:00,1.06809,1.06823,1.06797,1.06802,270.0,8,0.0,0.0001,1e-05
2022-12-15 01:00:00+00:00,1.06804,1.06816,1.06727,1.06759,1548.0,2,0.0,0.0001,1e-05
2022-12-15 02:00:00+00:00,1.06759,1.06826,1.06666,1.06789,2711.0,2,0.0,0.0001,1e-05
2022-12-15 03:00:00+00:00,1.06791,1.06801,1.06597,1.06624,4260.0,2,0.0,0.0001,1e-05
2022-12-15 04:00:00+00:00,1.06625,1.06651,1.06547,1.06582,2902.0,2,0.0,0.0001,1e-05
2022-12-15 05:00:00+00:00,1.06582,1.06598,1.0654,1.06546,2221.0,2,0.0,0.0001,1e-05
2022-12-15 06:00:00+00:00,1.06546,1.06551,1.06465,1.06476,1505.0,2,0.0,0.0001,1e-05
2022-12-15 07:00:00+00:00,1.06476,1.06591,1.06455,1.06585,2097.0,2,0.0,0.0001,1e-05
2022-12-15 08:00:00+00:00,1.06585,1.06608,1.06532,1.06547,2723.0,2,0.0,0.0001,1e-05
2022-12-15 09:00:00+00:00,1.06544,1.06568,1.06402,1.0641,4119.0,2,0.0,0.0001,1e-05
2022-12-15 10:00:00+00:00,1.06412,1.06468,1.06202,1.06219,6361.0,2,0.0,0.0001,1e-05
2022-12-15 11:00:00+00:00,1.06219,1.06227,1.06056,1.06217,5337.0,2,0.0,0.0001,1e-05
2022-12-15 12:00:00+00:00,1.06217,1.06276,1.06157,1.06157,4264.0,2,0.0,0.0001,1e-05
2022-12-15 13:00:00+00:00,1.06157,1.06244,1.06067,1.06242,3889.0,2,0.0,0.0001,1e-05
2022-12-15 14:00:00+00:00,1.06243,1.06279,1.06141,1.06228,5104.0,2,0.0,0.0001,1e-05
2022-12-15 15:00:00+00:00,1.06228,1.06678,1.06134,1.06525,10023.0,2,0.0,0.0001,1e-05
2022-12-15 16:00:00+00:00,1.06526,1.07363,1.06484,1.0699,13489.0,2,0.0,0.0001,1e-05
2022-12-15 17:00:00+00:00,1.0699,1.07046,1.06233,1.06484,12226.0,2,0.0,0.0001,1e-05
2022-12-15 18:00:00+00:00,1.06482,1.06565,1.06285,1.0637,7192.0,2,0.0,0.0001,1e-05
2022-12-15 19:00:00+00:00,1.06374,1.06384,1.05928,1.05991,6267.0,2,0.0,0.0001,1e-05
2022-12-15 20:00:00+00:00,1.05999,1.06238,1.05923,1.06224,3867.0,2,0.0,0.0001,1e-05
2022-12-15 21:00:00+00:00,1.06224,1.06371,1.06188,1.06307,3230.0,2,0.0,0.0001,1e-05
2022-12-15 22:00:00+00:00,1.06307,1.06381,1.06213,1.0625,2917.0,2,0.0,0.0001,1e-05
2022-12-15 23:00:00+00:00,1.0625,1.06278,1.06199,1.0626,1258.0,2,0.0,0.0001,1e-05
2022-12-16 00:00:00+00:00,1.06213,1.06296,1.06201,1.06294,2064.0,13,0.0,0.0001,1e-05
2022-12-16 01:00:00+00:00,1.06295,1.06389,1.06266,1.06385,1085.0,2,0.0,0.0001,1e-05
2022-12-16 02:00:00+00:00,1.06386,1.0643,1.06343,1.06408,2637.0,2,0.0,0.0001,1e-05
2022-12-16 03:00:00+00:00,1.06408,1.0647199999999999,1.06387,1.06417,4709.0,2,0.0,0.0001,1e-05
2022-12-16 04:00:00+00:00,1.06417,1.06624,1.0641,1.06509,3667.0,2,0.0,0.0001,1e-05
2022-12-16 05:00:00+00:00,1.06509,1.06534,1.06446,1.06477,2281.0,2,0.0,0.0001,1e-05
2022-12-16 06:00:00+00:00,1.06481,1.06513,1.06436,1.06461,2327.0,2,0.0,0.0001,1e-05
2022-12-16 07:00:00+00:00,1.06461,1.06478,1.06405,1.06455,2731.0,2,0.0,0.0001,1e-05
2022-12-16 08:00:00+00:00,1.0645,1.06605,1.06423,1.0656,3291.0,2,0.0,0.0001,1e-05
2022-12-16 09:00:00+00:00,1.06559,1.06632,1.06307,1.06313,5004.0,2,0.0,0.0001,1e-05
2022-12-16 10:00:00+00:00,1.06322,1.06606,1.06253,1.06555,5748.0,2,0.0,0.0001,1e-05
2022-12-16 11:00:00+00:00,1.06555,1.06573,1.061,1.06116,5149.0,2,0.0,0.0001,1e-05
2022-12-16 12:00:00+00:00,1.06113,1.06287,1.06093,1.06235,4579.0,2,0.0,0.0001,1e-05
2022-12-16 13:00:00+00:00,1.06233,1.06395,1.06201,1.06353,3744.0,2,0.0,0.0001,1e-05
2022-12-16 14:00:00+00:00,1.06352,1.06383,1.06172,1.06217,4029.0,2,0.0,0.0001,1e-05
2022-12-16 15:00:00+00:00,1.06216,1.0636,1.06134,1.06341,4870.0,2,0.0,0.0001,1e-05
2022-12-16 16:00:00+00:00,1.06342,1.06487,1.06169,1.06434,9997.0,2,0.0,0.0001,1e-05
2022-12-16 17:00:00+00:00,1.06434,1.06437,1.06079,1.06169,8938.0,2,0.0,0.0001,1e-05
2022-12-16 18:00:00+00:00,1.06165,1.06246,1.05976,1.06092,5844.0,2,0.0,0.0001,1e-05
2022-12-16 19:00:00+00:00,1.06092,1.06192,1.06041,1.06051,4734.0,2,0.0,0.0001,1e-05
2022-12-16 20:00:00+00:00,1.06051,1.06171,1.06029,1.06148,2928.0,2,0.0,0.0001,1e-05
2022-12-16 21:00:00+00:00,1.06148,1.06153,1.05953,1.05994,2908.0,2,0.0,0.0001,1e-05
2022-12-16 22:00:00+00:00,1.05994,1.06062,1.05918,1.05924,3891.0,2,0.0,0.0001,1e-05
2022-12-16 23:00:00+00:00,1.05923,1.0596,1.05848,1.05895,1575.0,2,0.0,0.0001,1e-05
2022-12-19 00:00:00+00:00,1.05841,1.05962,1.05836,1.05913,1693.0,17,0.0,0.0001,1e-05
2022-12-19 01:00:00+00:00,1.05919,1.05947,1.05825,1.05842,1836.0,2,0.0,0.0001,1e-05
2022-12-19 02:00:00+00:00,1.05843,1.05995,1.05817,1.05992,3104.0,2,0.0,0.0001,1e-05
2022-12-19 03:00:00+00:00,1.05992,1.06064,1.05961,1.06063,2821.0,2,0.0,0.0001,1e-05
2022-12-19 04:00:00+00:00,1.06063,1.06132,1.06019,1.06087,2906.0,2,0.0,0.0001,1e-05
2022-12-19 05:00:00+00:00,1.06086,1.06102,1.0602,1.06085,1603.0,2,0.0,0.0001,1e-05
2022-12-19 06:00:00+00:00,1.06091,1.0611,1.06055,1.06063,1443.0,2,0.0,0.0001,1e-05
2022-12-19 07:00:00+00:00,1.06063,1.06079,1.06012,1.06075,1753.0,2,0.0,0.0001,1e-05
2022-12-19 08:00:00+00:00,1.06075,1.06341,1.06034,1.0629,3036.0,2,0.0,0.0001,1e-05
2022-12-19 09:00:00+00:00,1.0629,1.06378,1.06214,1.06242,3690.0,2,0.0,0.0001,1e-05
2022-12-19 10:00:00+00:00,1.06242,1.06479,1.06239,1.0642,4541.0,2,0.0,0.0001,1e-05
2022-12-19 11:00:00+00:00,1.06415,1.06578,1.06165,1.06177,5572.0,2,0.0,0.0001,1e-05
2022-12-19 12:00:00+00:00,1.06182,1.06352,1.06128,1.06191,4191.0,2,0.0,0.0001,1e-05
2022-12-19 13:00:00+00:00,1.06195,1.06196,1.06042,1.06061,3466.0,2,0.0,0.0001,1e-05
2022-12-19 14:00:00+00:00,1.06061,1.06154,1.06031,1.06062,3892.0,2,0.0,0.0001,1e-05
2022-12-19 15:00:00+00:00,1.06062,1.06103,1.05973,1.06063,4819.0,2,0.0,0.0001,1e-05
2022-12-19 16:00:00+00:00,1.06063,1.06133,1.0599,1.06032,5026.0,2,0.0,0.0001,1e-05
2022-12-19 17:00:00+00:00,1.06032,1.06155,1.05759,1.05796,5631.0,2,0.0,0.0001,1e-05
2022-12-19 18:00:00+00:00,1.05799,1.06287,1.05797,1.06234,4679.0,2,0.0,0.0001,1e-05
2022-12-19 19:00:00+00:00,1.06233,1.0631,1.06184,1.0625,3034.0,2,0.0,0.0001,1e-05
2022-12-19 20:00:00+00:00,1.0625,1.06264,1.0613,1.0614,2223.0,2,0.0,0.0001,1e-05
2022-12-19 21:00:00+00:00,1.0614,1.06145,1.0601,1.06044,2982.0,2,0.0,0.0001,1e-05
2022-12-19 22:00:00+00:00,1.06046,1.06093,1.06008,1.06045,2334.0,2,0.0,0.0001,1e-05
2022-12-19 23:00:00+00:00,1.06041,1.06081,1.06032,1.06067,762.0,2,0.0,0.0001,1e-05
2022-12-20 00:00:00+00:00,1.06036,1.06073,1.06027,1.06071,1510.0,13,0.0,0.0001,1e-05
2022-12-20 01:00:00+00:00,1.06076,1.06127,1.06045,1.06121,2128.0,2,0.0,0.0001,1e-05
2022-12-20 02:00:00+00:00,1.06122,1.06123,1.05978,1.06002,2242.0,2,0.0,0.0001,1e-05
2022-12-20 03:00:00+00:00,1.06002,1.06074,1.05978,1.06052,2678.0,2,0.0,0.0001,1e-05
2022-12-20 04:00:00+00:00,1.06052,1.06154,1.06032,1.06145,2580.0,2,0.0,0.0001,1e-05
2022-12-20 05:00:00+00:00,1.06147,1.06518,1.06021,1.06081,14190.0,2,0.0,0.0001,1e-05
2022-12-20 06:00:00+00:00,1.06081,1.06156,1.06036,1.0607,8520.0,2,0.0,0.0001,1e-05
2022-12-20 07:00:00+00:00,1.06071,1.0612,1.05789,1.05862,5799.0,2,0.0,0.0001,1e-05
2022-12-20 08:00:00+00:00,1.05863,1.06015,1.0582799999999999,1.05936,7565.0,2,0.0,0.0001,1e-05
2022-12-20 09:00:00+00:00,1.05938,1.06156,1.05917,1.06112,7230.0,2,0.0,0.0001,1e-05
2022-12-20 10:00:00+00:00,1.06112,1.06343,1.06039,1.06337,7692.0,2,0.0,0.0001,1e-05
2022-12-20 11:00:00+00:00,1.06336,1.06378,1.06244,1.06371,6642.0,2,0.0,0.0001,1e-05
2022-12-20 12:00:00+00:00,1.06368,1.06398,1.06246,1.06285,5997.0,2,0.0,0.0001,1e-05
2022-12-20 13:00:00+00:00,1.06286,1.0646,1.06205,1.06429,4389.0,2,0.0,0.0001,1e-05
2022-12-20 14:00:00+00:00,1.0643,1.06437,1.06103,1.06136,5168.0,2,0.0,0.0001,1e-05
2022-12-20 15:00:00+00:00,1.06137,1.0617,1.0594,1.06155,5828.0,2,0.0,0.0001,1e-05
2022-12-20 16:00:00+00:00,1.06156,1.0636,1.05983,1.06356,8122.0,2,0.0,0.0001,1e-05
2022-12-20 17:00:00+00:00,1.06356,1.06586,1.06281,1.06401,7947.0,2,0.0,0.0001,1e-05
2022-12-20 18:00:00+00:00,1.06401,1.0642,1.06137,1.06352,5516.0,2,0.0,0.0001,1e-05
2022-12-20 19:00:00+00:00,1.06352,1.06379,1.06103,1.0615,4602.0,2,0.0,0.0001,1e-05
2022-12-20 20:00:00+00:00,1.06148,1.06172,1.06055,1.06062,3129.0,2,0.0,0.0001,1e-05
2022-12-20 21:00:00+00:00,1.06062,1.06229,1.05993,1.06216,2638.0,2,0.0,0.0001,1e-05
2022-12-20 22:00:00+00:00,1.06215,1.06253,1.06138,1.06154,2645.0,2,0.0,0.0001,1e-05
2022-12-20 23:00:00+00:00,1.06154,1.06292,1.06151,1.06242,1340.0,2,0.0,0.0001,1e-05
2022-12-21 00:00:00+00:00,1.06183,1.06268,1.06183,1.06248,965.0,4,0.0,0.0001,1e-05
2022-12-21 01:00:00+00:00,1.06248,1.06281,1.06234,1.0625,1936.0,3,0.0,0.0001,1e-05
2022-12-21 02:00:00+00:00,1.06251,1.06262,1.06176,1.06206,3076.0,2,0.0,0.0001,1e-05
2022-12-21 03:00:00+00:00,1.06206,1.06253,1.06136,1.06199,5306.0,2,0.0,0.0001,1e-05
2022-12-21 04:00:00+00:00,1.06199,1.06257,1.06136,1.06138,2908.0,2,0.0,0.0001,1e-05
2022-12-21 05:00:00+00:00,1.06137,1.0617,1.06128,1.06165,1563.0,2,0.0,0.0001,1e-05
2022-12-21 06:00:00+00:00,1.06165,1.06172,1.06069,1.0608,1760.0,2,0.0,0.0001,1e-05
2022-12-21 07:00:00+00:00,1.06078,1.06177,1.06073,1.06175,1614.0,2,0.0,0.0001,1e-05
2022-12-21 08:00:00+00:00,1.06175,1.06176,1.06099,1.06138,2791.0,2,0.0,0.0001,1e-05
2022-12-21 09:00:00+00:00,1.06141,1.06345,1.06108,1.06314,4042.0,2,0.0,0.0001,1e-05
2022-12-21 10:00:00+00:00,1.06322,1.06373,1.06167,1.06342,5311.0,2,0.0,0.0001,1e-05
2022-12-21 11:00:00+00:00,1.06342,1.06363,1.06124,1.06145,4516.0,2,0.0,0.0001,1e-05
2022-12-21 12:00:00+00:00,1.06145,1.06287,1.06132,1.06191,3556.0,2,0.0,0.0001,1e-05
2022-12-21 13:00:00+00:00,1.06188,1.06209,1.06046,1.06057,3839.0,2,0.0,0.0001,1e-05
2022-12-21 14:00:00+00:00,1.06057,1.0631599999999999,1.06046,1.06304,3570.0,2,0.0,0.0001,1e-05
2022-12-21 15:00:00+00:00,1.06303,1.06456,1.06241,1.06287,4916.0,2,0.0,0.0001,1e-05
2022-12-21 16:00:00+00:00,1.06286,1.06287,1.06023,1.0604,6215.0,2,0.0,0.0001,1e-05
2022-12-21 17:00:00+00:00,1.0604,1.06334,1.05962,1.06152,6878.0,2,0.0,0.0001,1e-05
2022-12-21 18:00:00+00:00,1.06154,1.0616,1.05952,1.05978,4375.0,2,0.0,0.0001,1e-05
2022-12-21 19:00:00+00:00,1.05978,1.06056,1.05903,1.06005,3695.0,2,0.0,0.0001,1e-05
2022-12-21 20:00:00+00:00,1.06006,1.06118,1.05931,1.06094,3172.0,2,0.0,0.0001,1e-05
2022-12-21 21:00:00+00:00,1.06094,1.062,1.06088,1.06143,2999.0,2,0.0,0.0001,1e-05
2022-12-21 22:00:00+00:00,1.06145,1.06166,1.06078,1.06109,3263.0,2,0.0,0.0001,1e-05
2022-12-21 23:00:00+00:00,1.06108,1.06126,1.06033,1.06037,1593.0,2,0.0,0.0001,1e-05
2022-12-22 00:00:00+00:00,1.06034,1.06076,1.06034,1.06052,2375.0,10,0.0,0.0001,1e-05
2022-12-22 01:00:00+00:00,1.06054,1.06115,1.06051,1.06077,937.0,2,0.0,0.0001,1e-05
2022-12-22 02:00:00+00:00,1.06077,1.06184,1.06057,1.0618,2000.0,2,0.0,0.0001,1e-05
2022-12-22 03:00:00+00:00,1.06178,1.06299,1.06133,1.06294,3566.0,2,0.0,0.0001,1e-05
2022-12-22 04:00:00+00:00,1.06293,1.06333,1.06256,1.06287,2674.0,2,0.0,0.0001,1e-05
2022-12-22 05:00:00+00:00,1.06287,1.06444,1.06287,1.06431,2707.0,2,0.0,0.0001,1e-05
2022-12-22 06:00:00+00:00,1.06432,1.0646,1.06354,1.06445,2011.0,2,0.0,0.0001,1e-05
2022-12-22 07:00:00+00:00,1.06441,1.06484,1.06383,1.06399,2423.0,2,0.0,0.0001,1e-05
2022-12-22 08:00:00+00:00,1.064,1.06497,1.06397,1.06442,2821.0,2,0.0,0.0001,1e-05
2022-12-22 09:00:00+00:00,1.06443,1.0647,1.06349,1.0639,3047.0,2,0.0,0.0001,1e-05
2022-12-22 10:00:00+00:00,1.06384,1.06595,1.06261,1.0636,4990.0,2,0.0,0.0001,1e-05
2022-12-22 11:00:00+00:00,1.06359,1.06519,1.0629,1.06463,4069.0,2,0.0,0.0001,1e-05
2022-12-22 12:00:00+00:00,1.06464,1.06562,1.06277,1.0628,3638.0,2,0.0,0.0001,1e-05
2022-12-22 13:00:00+00:00,1.06283,1.06297,1.06138,1.06154,3126.0,2,0.0,0.0001,1e-05
2022-12-22 14:00:00+00:00,1.06155,1.0639,1.0614,1.0636700000000001,3472.0,2,0.0,0.0001,1e-05
2022-12-22 15:00:00+00:00,1.06368,1.06376,1.06036,1.06113,6238.0,2,0.0,0.0001,1e-05
2022-12-22 16:00:00+00:00,1.06112,1.06185,1.05865,1.06081,6700.0,2,0.0,0.0001,1e-05
2022-12-22 17:00:00+00:00,1.06082,1.06112,1.05902,1.06021,6928.0,2,0.0,0.0001,1e-05
2022-12-22 18:00:00+00:00,1.06017,1.06059,1.05833,1.0587,4713.0,2,0.0,0.0001,1e-05
2022-12-22 19:00:00+00:00,1.05869,1.0588899999999999,1.05821,1.05842,3202.0,2,0.0,0.0001,1e-05
2022-12-22 20:00:00+00:00,1.05841,1.05882,1.0577,1.05792,3115.0,2,0.0,0.0001,1e-05
2022-12-22 21:00:00+00:00,1.05793,1.05968,1.05732,1.05926,4033.0,2,0.0,0.0001,1e-05
2022-12-22 22:00:00+00:00,1.05924,1.06031,1.05881,1.05978,4892.0,2,0.0,0.0001,1e-05
2022-12-22 23:00:00+00:00,1.05976,1.05999,1.05914,1.05981,1351.0,2,0.0,0.0001,1e-05
2022-12-23 00:00:00+00:00,1.05916,1.05987,1.05916,1.05966,250.0,20,0.0,0.0001,1e-05
2022-12-23 01:00:00+00:00,1.05966,1.06026,1.05966,1.06012,1854.0,2,0.0,0.0001,1e-05
2022-12-23 02:00:00+00:00,1.0601099999999999,1.0604,1.05886,1.0589,2177.0,2,0.0,0.0001,1e-05
2022-12-23 03:00:00+00:00,1.0589,1.06032,1.05865,1.06018,4441.0,2,0.0,0.0001,1e-05
2022-12-23 04:00:00+00:00,1.06018,1.06123,1.06018,1.06081,2817.0,2,0.0,0.0001,1e-05
2022-12-23 05:00:00+00:00,1.06083,1.06115,1.0606,1.06075,1742.0,2,0.0,0.0001,1e-05
2022-12-23 06:00:00+00:00,1.06075,1.06101,1.06043,1.06056,1270.0,2,0.0,0.0001,1e-05
2022-12-23 07:00:00+00:00,1.06056,1.06096,1.0603,1.06036,1558.0,2,0.0,0.0001,1e-05
2022-12-23 08:00:00+00:00,1.06036,1.06112,1.06019,1.06067,2006.0,2,0.0,0.0001,1e-05
2022-12-23 09:00:00+00:00,1.06064,1.06304,1.06056,1.06283,3446.0,2,0.0,0.0001,1e-05
2022-12-23 10:00:00+00:00,1.06284,1.06284,1.05989,1.06047,3610.0,2,0.0,0.0001,1e-05
2022-12-23 11:00:00+00:00,1.06047,1.06113,1.05961,1.06098,2928.0,2,0.0,0.0001,1e-05
2022-12-23 12:00:00+00:00,1.06097,1.06227,1.06075,1.06195,2904.0,2,0.0,0.0001,1e-05
2022-12-23 13:00:00+00:00,1.06195,1.0627,1.06099,1.06136,2605.0,2,0.0,0.0001,1e-05
2022-12-23 14:00:00+00:00,1.06136,1.06241,1.06051,1.06211,2571.0,2,0.0,0.0001,1e-05
2022-12-23 15:00:00+00:00,1.06211,1.06329,1.05947,1.06081,8808.0,2,0.0,0.0001,1e-05
2022-12-23 16:00:00+00:00,1.0608,1.06194,1.05922,1.06092,8596.0,2,0.0,0.0001,1e-05
2022-12-23 17:00:00+00:00,1.06124,1.0632,1.06069,1.06136,8996.0,2,0.0,0.0001,1e-05
2022-12-23 18:00:00+00:00,1.06136,1.06253,1.06094,1.06205,5133.0,2,0.0,0.0001,1e-05
2022-12-23 19:00:00+00:00,1.06204,1.06299,1.0619,1.06204,3038.0,2,0.0,0.0001,1e-05
2022-12-23 20:00:00+00:00,1.06203,1.06217,1.06061,1.06093,2263.0,2,0.0,0.0001,1e-05
2022-12-23 21:00:00+00:00,1.06091,1.06232,1.06058,1.06204,2192.0,2,0.0,0.0001,1e-05
2022-12-27 00:00:00+00:00,1.06349,1.06372,1.06311,1.06361,212.0,7,0.0,0.0001,1e-05
2022-12-27 01:00:00+00:00,1.06373,1.06457,1.06301,1.06397,1878.0,2,0.0,0.0001,1e-05
2022-12-27 02:00:00+00:00,1.06397,1.06458,1.06344,1.06424,2327.0,2,0.0,0.0001,1e-05
2022-12-27 03:00:00+00:00,1.0642800000000001,1.06535,1.06411,1.06519,2586.0,2,0.0,0.0001,1e-05
2022-12-27 04:00:00+00:00,1.06518,1.06604,1.06432,1.06475,2168.0,2,0.0,0.0001,1e-05
2022-12-27 05:00:00+00:00,1.06475,1.06477,1.06354,1.064,1792.0,2,0.0,0.0001,1e-05
2022-12-27 06:00:00+00:00,1.064,1.06459,1.06391,1.06456,1037.0,2,0.0,0.0001,1e-05
2022-12-27 07:00:00+00:00,1.06457,1.0657,1.0642800000000001,1.06554,1863.0,2,0.0,0.0001,1e-05
2022-12-27 08:00:00+00:00,1.06558,1.06649,1.06531,1.06638,2398.0,2,0.0,0.0001,1e-05
2022-12-27 09:00:00+00:00,1.06638,1.06679,1.06434,1.06453,2960.0,2,0.0,0.0001,1e-05
2022-12-27 10:00:00+00:00,1.06453,1.06578,1.06383,1.06518,4123.0,2,0.0,0.0001,1e-05
2022-12-27 11:00:00+00:00,1.06518,1.06639,1.06479,1.06606,2892.0,2,0.0,0.0001,1e-05
2022-12-27 12:00:00+00:00,1.06606,1.06694,1.06517,1.06657,2848.0,2,0.0,0.0001,1e-05
2022-12-27 13:00:00+00:00,1.0665499999999999,1.06691,1.06525,1.06544,2521.0,2,0.0,0.0001,1e-05
2022-12-27 14:00:00+00:00,1.06542,1.06574,1.06321,1.06352,3011.0,2,0.0,0.0001,1e-05
2022-12-27 15:00:00+00:00,1.06353,1.06368,1.06195,1.06275,5203.0,2,0.0,0.0001,1e-05
2022-12-27 16:00:00+00:00,1.06275,1.06295,1.06114,1.06259,4987.0,2,0.0,0.0001,1e-05
2022-12-27 17:00:00+00:00,1.06258,1.06544,1.06241,1.06497,5549.0,0,0.0,0.0001,1e-05
2022-12-27 18:00:00+00:00,1.06499,1.06603,1.0646,1.06526,3830.0,2,0.0,0.0001,1e-05
2022-12-27 19:00:00+00:00,1.06526,1.0653,1.06336,1.06374,2548.0,2,0.0,0.0001,1e-05
2022-12-27 20:00:00+00:00,1.06374,1.06514,1.06357,1.06487,2503.0,2,0.0,0.0001,1e-05
2022-12-27 21:00:00+00:00,1.06487,1.06564,1.06374,1.06414,2826.0,2,0.0,0.0001,1e-05
2022-12-27 22:00:00+00:00,1.06414,1.06468,1.06384,1.06411,2303.0,2,0.0,0.0001,1e-05
2022-12-27 23:00:00+00:00,1.06411,1.06414,1.0636,1.06387,810.0,2,0.0,0.0001,1e-05
2022-12-28 00:00:00+00:00,1.06385,1.06421,1.0637,1.06405,143.0,19,0.0,0.0001,1e-05
2022-12-28 01:00:00+00:00,1.06405,1.06405,1.0630600000000001,1.0636700000000001,1842.0,2,0.0,0.0001,1e-05
2022-12-28 02:00:00+00:00,1.0636700000000001,1.06425,1.06248,1.06281,3492.0,2,0.0,0.0001,1e-05
2022-12-28 03:00:00+00:00,1.06282,1.06429,1.06276,1.0642,3408.0,2,0.0,0.0001,1e-05
2022-12-28 04:00:00+00:00,1.0642,1.0642,1.06353,1.06363,2364.0,2,0.0,0.0001,1e-05
2022-12-28 05:00:00+00:00,1.06363,1.06422,1.06319,1.06375,2083.0,2,0.0,0.0001,1e-05
2022-12-28 06:00:00+00:00,1.06374,1.06445,1.0636,1.06415,2711.0,2,0.0,0.0001,1e-05
2022-12-28 07:00:00+00:00,1.06414,1.06468,1.06403,1.06459,2471.0,2,0.0,0.0001,1e-05
2022-12-28 08:00:00+00:00,1.0646,1.06525,1.06442,1.0646,2440.0,2,0.0,0.0001,1e-05
2022-12-28 09:00:00+00:00,1.06458,1.06547,1.06437,1.06456,3476.0,2,0.0,0.0001,1e-05
2022-12-28 10:00:00+00:00,1.06457,1.0648,1.06343,1.06362,4069.0,2,0.0,0.0001,1e-05
2022-12-28 11:00:00+00:00,1.0636,1.06398,1.06278,1.0637,3637.0,2,0.0,0.0001,1e-05
2022-12-28 12:00:00+00:00,1.0637,1.06431,1.06294,1.06339,3101.0,2,0.0,0.0001,1e-05
2022-12-28 13:00:00+00:00,1.06339,1.06521,1.06313,1.06464,3595.0,2,0.0,0.0001,1e-05
2022-12-28 14:00:00+00:00,1.06466,1.06576,1.06364,1.06461,4287.0,2,0.0,0.0001,1e-05
2022-12-28 15:00:00+00:00,1.06461,1.06499,1.06339,1.06417,3749.0,2,0.0,0.0001,1e-05
2022-12-28 16:00:00+00:00,1.06414,1.06745,1.06393,1.06574,5165.0,2,0.0,0.0001,1e-05
2022-12-28 17:00:00+00:00,1.06575,1.06618,1.06115,1.06186,7189.0,2,0.0,0.0001,1e-05
2022-12-28 18:00:00+00:00,1.06192,1.06275,1.06129,1.06212,4291.0,2,0.0,0.0001,1e-05
2022-12-28 19:00:00+00:00,1.0621,1.06329,1.0616,1.06289,3241.0,2,0.0,0.0001,1e-05
2022-12-28 20:00:00+00:00,1.06291,1.06356,1.06198,1.06198,3743.0,2,0.0,0.0001,1e-05
2022-12-28 21:00:00+00:00,1.06198,1.06273,1.06146,1.0617,2805.0,2,0.0,0.0001,1e-05
2022-12-28 22:00:00+00:00,1.06168,1.06177,1.06077,1.06079,3812.0,2,0.0,0.0001,1e-05
2022-12-28 23:00:00+00:00,1.06078,1.06127,1.06064,1.06123,1523.0,2,0.0,0.0001,1e-05
2022-12-29 00:00:00+00:00,1.0607,1.06158,1.0607,1.06158,300.0,12,0.0,0.0001,1e-05
2022-12-29 01:00:00+00:00,1.06157,1.06293,1.06156,1.0629,2318.0,2,0.0,0.0001,1e-05
2022-12-29 02:00:00+00:00,1.0629,1.06372,1.06231,1.06339,1879.0,2,0.0,0.0001,1e-05
2022-12-29 03:00:00+00:00,1.06339,1.0634,1.06267,1.06279,3206.0,2,0.0,0.0001,1e-05
2022-12-29 04:00:00+00:00,1.0628,1.06325,1.0625499999999999,1.0625499999999999,1732.0,2,0.0,0.0001,1e-05
2022-12-29 05:00:00+00:00,1.0625499999999999,1.06278,1.06198,1.06229,1900.0,2,0.0,0.0001,1e-05
2022-12-29 06:00:00+00:00,1.06232,1.0626,1.06192,1.0625,1044.0,2,0.0,0.0001,1e-05
2022-12-29 07:00:00+00:00,1.0625,1.0629,1.0621,1.06247,1722.0,2,0.0,0.0001,1e-05
2022-12-29 08:00:00+00:00,1.06251,1.06268,1.0611,1.06141,2195.0,2,0.0,0.0001,1e-05
2022-12-29 09:00:00+00:00,1.06134,1.06248,1.06119,1.06233,2456.0,2,0.0,0.0001,1e-05
2022-12-29 10:00:00+00:00,1.06238,1.0642800000000001,1.06223,1.063,4114.0,2,0.0,0.0001,1e-05
2022-12-29 11:00:00+00:00,1.063,1.0658,1.063,1.06561,3835.0,2,0.0,0.0001,1e-05
2022-12-29 12:00:00+00:00,1.06561,1.06563,1.0631599999999999,1.06361,3280.0,2,0.0,0.0001,1e-05
2022-12-29 13:00:00+00:00,1.06361,1.06408,1.06327,1.0638,2366.0,2,0.0,0.0001,1e-05
2022-12-29 14:00:00+00:00,1.06382,1.06532,1.06366,1.06524,3006.0,2,0.0,0.0001,1e-05
2022-12-29 15:00:00+00:00,1.06524,1.06671,1.06449,1.0655000000000001,5641.0,2,0.0,0.0001,1e-05
2022-12-29 16:00:00+00:00,1.06552,1.067,1.0639,1.06446,7513.0,2,0.0,0.0001,1e-05
2022-12-29 17:00:00+00:00,1.06446,1.06697,1.06362,1.06668,7036.0,2,0.0,0.0001,1e-05
2022-12-29 18:00:00+00:00,1.06669,1.06708,1.06567,1.06661,4951.0,2,0.0,0.0001,1e-05
2022-12-29 19:00:00+00:00,1.06664,1.06904,1.06645,1.06819,3825.0,2,0.0,0.0001,1e-05
2022-12-29 20:00:00+00:00,1.0682,1.06834,1.06711,1.06747,3709.0,2,0.0,0.0001,1e-05
2022-12-29 21:00:00+00:00,1.06745,1.06793,1.06734,1.0678,3239.0,2,0.0,0.0001,1e-05
2022-12-29 22:00:00+00:00,1.0678,1.0678,1.0665499999999999,1.06677,3227.0,2,0.0,0.0001,1e-05
2022-12-29 23:00:00+00:00,1.06682,1.06713,1.06601,1.06618,1305.0,2,0.0,0.0001,1e-05
2022-12-30 00:00:00+00:00,1.06599,1.06635,1.06585,1.06603,428.0,12,0.0,0.0001,1e-05
2022-12-30 01:00:00+00:00,1.06603,1.06619,1.06544,1.06602,980.0,2,0.0,0.0001,1e-05
2022-12-30 02:00:00+00:00,1.06602,1.06682,1.06588,1.06681,1599.0,2,0.0,0.0001,1e-05
2022-12-30 03:00:00+00:00,1.06678,1.06694,1.06569,1.06604,2424.0,2,0.0,0.0001,1e-05
2022-12-30 04:00:00+00:00,1.06604,1.06605,1.06549,1.06586,1380.0,2,0.0,0.0001,1e-05
2022-12-30 05:00:00+00:00,1.06586,1.06631,1.06572,1.06589,982.0,2,0.0,0.0001,1e-05
2022-12-30 06:00:00+00:00,1.06589,1.06593,1.06521,1.06552,1024.0,2,0.0,0.0001,1e-05
2022-12-30 07:00:00+00:00,1.06551,1.06579,1.06423,1.06433,1750.0,2,0.0,0.0001,1e-05
2022-12-30 08:00:00+00:00,1.06432,1.06505,1.06406,1.06445,2028.0,2,0.0,0.0001,1e-05
2022-12-30 09:00:00+00:00,1.06442,1.06512,1.06384,1.06511,2569.0,2,0.0,0.0001,1e-05
2022-12-30 10:00:00+00:00,1.06512,1.06746,1.06498,1.0671,4439.0,2,0.0,0.0001,1e-05
2022-12-30 11:00:00+00:00,1.0671,1.06714,1.06513,1.06546,3832.0,2,0.0,0.0001,1e-05
2022-12-30 12:00:00+00:00,1.06546,1.06761,1.06534,1.06695,3559.0,2,0.0,0.0001,1e-05
2022-12-30 13:00:00+00:00,1.06698,1.06987,1.06695,1.06759,4274.0,2,0.0,0.0001,1e-05
2022-12-30 14:00:00+00:00,1.06759,1.0688,1.06715,1.06723,4708.0,2,0.0,0.0001,1e-05
2022-12-30 15:00:00+00:00,1.06722,1.06802,1.06452,1.06686,5727.0,2,0.0,0.0001,1e-05
2022-12-30 16:00:00+00:00,1.06687,1.0701100000000001,1.06615,1.06883,8541.0,2,0.0,0.0001,1e-05
2022-12-30 17:00:00+00:00,1.06883,1.06896,1.06593,1.06723,9431.0,2,0.0,0.0001,1e-05
2022-12-30 18:00:00+00:00,1.06723,1.0697,1.06709,1.06966,5668.0,2,0.0,0.0001,1e-05
2022-12-30 19:00:00+00:00,1.06964,1.07117,1.06961,1.07107,5153.0,2,0.0,0.0001,1e-05
2022-12-30 20:00:00+00:00,1.07119,1.0713,1.07003,1.07022,6652.0,2,0.0,0.0001,1e-05
2022-12-30 21:00:00+00:00,1.07025,1.07094,1.06949,1.06997,3673.0,2,0.0,0.0001,1e-05
